#
# TABLE STRUCTURE FOR: communities
#

DROP TABLE IF EXISTS `communities`;

CREATE TABLE `communities` (
  `id` int(10) unsigned NOT NULL AUTO_INCREMENT COMMENT 'Идентификатор сроки',
  `name` varchar(150) COLLATE utf8_unicode_ci NOT NULL COMMENT 'Название группы',
  `created_at` datetime DEFAULT current_timestamp() COMMENT 'Время создания строки',
  `updated_at` datetime DEFAULT current_timestamp() ON UPDATE current_timestamp() COMMENT 'Время обновления строки',
  PRIMARY KEY (`id`),
  UNIQUE KEY `name` (`name`)
) ENGINE=InnoDB AUTO_INCREMENT=21 DEFAULT CHARSET=utf8 COLLATE=utf8_unicode_ci COMMENT='Группы';

INSERT INTO `communities` (`id`, `name`, `created_at`, `updated_at`) VALUES (1, 'ut', '2001-12-17 15:37:33', '1988-04-12 03:53:47');
INSERT INTO `communities` (`id`, `name`, `created_at`, `updated_at`) VALUES (2, 'adipisci', '2003-03-02 23:29:02', '2017-12-12 21:29:23');
INSERT INTO `communities` (`id`, `name`, `created_at`, `updated_at`) VALUES (3, 'quia', '1996-05-27 09:57:24', '2004-09-11 05:53:32');
INSERT INTO `communities` (`id`, `name`, `created_at`, `updated_at`) VALUES (4, 'dolor', '1987-03-13 18:03:07', '1994-12-16 02:20:34');
INSERT INTO `communities` (`id`, `name`, `created_at`, `updated_at`) VALUES (5, 'voluptas', '2015-04-12 09:56:59', '2013-03-21 06:47:23');
INSERT INTO `communities` (`id`, `name`, `created_at`, `updated_at`) VALUES (6, 'ipsa', '2015-11-28 00:29:07', '2005-10-20 02:11:12');
INSERT INTO `communities` (`id`, `name`, `created_at`, `updated_at`) VALUES (7, 'vel', '1992-02-25 22:44:39', '1975-05-06 01:24:10');
INSERT INTO `communities` (`id`, `name`, `created_at`, `updated_at`) VALUES (8, 'consequatur', '1989-10-12 16:04:21', '2010-03-07 11:05:47');
INSERT INTO `communities` (`id`, `name`, `created_at`, `updated_at`) VALUES (9, 'delectus', '2015-07-12 21:24:08', '1993-12-16 06:37:34');
INSERT INTO `communities` (`id`, `name`, `created_at`, `updated_at`) VALUES (10, 'amet', '1981-07-18 02:43:35', '2019-01-18 16:45:29');
INSERT INTO `communities` (`id`, `name`, `created_at`, `updated_at`) VALUES (11, 'est', '2018-01-22 00:19:26', '1987-08-13 15:32:19');
INSERT INTO `communities` (`id`, `name`, `created_at`, `updated_at`) VALUES (12, 'qui', '1984-09-27 19:57:05', '1998-12-18 00:30:33');
INSERT INTO `communities` (`id`, `name`, `created_at`, `updated_at`) VALUES (13, 'officiis', '1978-09-04 02:38:40', '1976-12-24 08:32:26');
INSERT INTO `communities` (`id`, `name`, `created_at`, `updated_at`) VALUES (14, 'voluptate', '1989-11-05 22:51:30', '1975-05-13 04:46:09');
INSERT INTO `communities` (`id`, `name`, `created_at`, `updated_at`) VALUES (15, 'rerum', '1972-08-13 20:17:24', '1992-03-02 14:55:23');
INSERT INTO `communities` (`id`, `name`, `created_at`, `updated_at`) VALUES (16, 'reprehenderit', '1973-02-06 13:52:04', '1992-06-18 23:20:47');
INSERT INTO `communities` (`id`, `name`, `created_at`, `updated_at`) VALUES (17, 'earum', '2001-01-05 01:15:28', '1997-08-13 04:03:13');
INSERT INTO `communities` (`id`, `name`, `created_at`, `updated_at`) VALUES (18, 'exercitationem', '2012-03-14 17:07:04', '2014-08-22 15:30:45');
INSERT INTO `communities` (`id`, `name`, `created_at`, `updated_at`) VALUES (19, 'at', '2010-02-19 02:29:57', '1972-02-01 05:08:53');
INSERT INTO `communities` (`id`, `name`, `created_at`, `updated_at`) VALUES (20, 'libero', '2011-06-29 16:07:34', '1996-03-01 02:59:06');


#
# TABLE STRUCTURE FOR: communities_users
#

DROP TABLE IF EXISTS `communities_users`;

CREATE TABLE `communities_users` (
  `community_id` int(10) unsigned NOT NULL COMMENT 'Ссылка на группу',
  `user_id` int(10) unsigned NOT NULL COMMENT 'Ссылка на пользователя',
  `created_at` datetime DEFAULT current_timestamp() COMMENT 'Время создания строки',
  PRIMARY KEY (`community_id`,`user_id`) COMMENT 'Составной первичный ключ'
) ENGINE=InnoDB DEFAULT CHARSET=utf8 COLLATE=utf8_unicode_ci COMMENT='Участники групп, связь между пользователями и группами';

INSERT INTO `communities_users` (`community_id`, `user_id`, `created_at`) VALUES (1, 1, '2006-06-25 17:02:54');
INSERT INTO `communities_users` (`community_id`, `user_id`, `created_at`) VALUES (1, 21, '2019-05-27 05:27:01');
INSERT INTO `communities_users` (`community_id`, `user_id`, `created_at`) VALUES (1, 41, '1989-06-04 01:50:39');
INSERT INTO `communities_users` (`community_id`, `user_id`, `created_at`) VALUES (1, 61, '2018-08-24 01:40:48');
INSERT INTO `communities_users` (`community_id`, `user_id`, `created_at`) VALUES (1, 81, '1982-07-21 11:06:00');
INSERT INTO `communities_users` (`community_id`, `user_id`, `created_at`) VALUES (2, 2, '2007-07-04 03:39:44');
INSERT INTO `communities_users` (`community_id`, `user_id`, `created_at`) VALUES (2, 22, '2005-09-24 22:56:15');
INSERT INTO `communities_users` (`community_id`, `user_id`, `created_at`) VALUES (2, 42, '1990-08-16 18:04:50');
INSERT INTO `communities_users` (`community_id`, `user_id`, `created_at`) VALUES (2, 62, '1985-06-02 06:14:47');
INSERT INTO `communities_users` (`community_id`, `user_id`, `created_at`) VALUES (2, 82, '2006-06-04 23:36:54');
INSERT INTO `communities_users` (`community_id`, `user_id`, `created_at`) VALUES (3, 3, '1982-04-18 13:45:25');
INSERT INTO `communities_users` (`community_id`, `user_id`, `created_at`) VALUES (3, 23, '2018-05-01 14:47:16');
INSERT INTO `communities_users` (`community_id`, `user_id`, `created_at`) VALUES (3, 43, '1991-08-12 13:54:20');
INSERT INTO `communities_users` (`community_id`, `user_id`, `created_at`) VALUES (3, 63, '1997-08-07 11:39:27');
INSERT INTO `communities_users` (`community_id`, `user_id`, `created_at`) VALUES (3, 83, '1998-08-05 23:49:44');
INSERT INTO `communities_users` (`community_id`, `user_id`, `created_at`) VALUES (4, 4, '1998-09-01 18:59:12');
INSERT INTO `communities_users` (`community_id`, `user_id`, `created_at`) VALUES (4, 24, '1999-08-13 00:07:42');
INSERT INTO `communities_users` (`community_id`, `user_id`, `created_at`) VALUES (4, 44, '1975-12-29 17:51:47');
INSERT INTO `communities_users` (`community_id`, `user_id`, `created_at`) VALUES (4, 64, '1971-10-13 11:17:47');
INSERT INTO `communities_users` (`community_id`, `user_id`, `created_at`) VALUES (4, 84, '2014-02-23 00:55:19');
INSERT INTO `communities_users` (`community_id`, `user_id`, `created_at`) VALUES (5, 5, '1980-08-02 03:47:02');
INSERT INTO `communities_users` (`community_id`, `user_id`, `created_at`) VALUES (5, 25, '2020-08-28 20:25:44');
INSERT INTO `communities_users` (`community_id`, `user_id`, `created_at`) VALUES (5, 45, '1992-08-23 09:07:23');
INSERT INTO `communities_users` (`community_id`, `user_id`, `created_at`) VALUES (5, 65, '1983-09-10 22:09:09');
INSERT INTO `communities_users` (`community_id`, `user_id`, `created_at`) VALUES (5, 85, '2008-11-18 14:59:01');
INSERT INTO `communities_users` (`community_id`, `user_id`, `created_at`) VALUES (6, 6, '1978-01-13 11:35:41');
INSERT INTO `communities_users` (`community_id`, `user_id`, `created_at`) VALUES (6, 26, '1996-01-16 20:12:56');
INSERT INTO `communities_users` (`community_id`, `user_id`, `created_at`) VALUES (6, 46, '1978-04-15 15:19:44');
INSERT INTO `communities_users` (`community_id`, `user_id`, `created_at`) VALUES (6, 66, '1988-06-15 03:13:56');
INSERT INTO `communities_users` (`community_id`, `user_id`, `created_at`) VALUES (6, 86, '1997-01-06 23:26:37');
INSERT INTO `communities_users` (`community_id`, `user_id`, `created_at`) VALUES (7, 7, '1974-04-05 04:43:42');
INSERT INTO `communities_users` (`community_id`, `user_id`, `created_at`) VALUES (7, 27, '1996-12-15 02:10:53');
INSERT INTO `communities_users` (`community_id`, `user_id`, `created_at`) VALUES (7, 47, '2009-07-27 13:44:10');
INSERT INTO `communities_users` (`community_id`, `user_id`, `created_at`) VALUES (7, 67, '1994-09-17 01:26:43');
INSERT INTO `communities_users` (`community_id`, `user_id`, `created_at`) VALUES (7, 87, '1987-07-07 15:15:51');
INSERT INTO `communities_users` (`community_id`, `user_id`, `created_at`) VALUES (8, 8, '1979-11-13 13:05:07');
INSERT INTO `communities_users` (`community_id`, `user_id`, `created_at`) VALUES (8, 28, '2002-06-09 02:25:02');
INSERT INTO `communities_users` (`community_id`, `user_id`, `created_at`) VALUES (8, 48, '2000-09-20 03:51:42');
INSERT INTO `communities_users` (`community_id`, `user_id`, `created_at`) VALUES (8, 68, '2019-06-12 20:04:39');
INSERT INTO `communities_users` (`community_id`, `user_id`, `created_at`) VALUES (8, 88, '1983-05-03 12:45:06');
INSERT INTO `communities_users` (`community_id`, `user_id`, `created_at`) VALUES (9, 9, '1988-12-19 20:01:35');
INSERT INTO `communities_users` (`community_id`, `user_id`, `created_at`) VALUES (9, 29, '2016-10-19 17:08:22');
INSERT INTO `communities_users` (`community_id`, `user_id`, `created_at`) VALUES (9, 49, '1983-01-22 01:57:51');
INSERT INTO `communities_users` (`community_id`, `user_id`, `created_at`) VALUES (9, 69, '1986-05-30 20:30:17');
INSERT INTO `communities_users` (`community_id`, `user_id`, `created_at`) VALUES (9, 89, '1990-10-29 16:32:44');
INSERT INTO `communities_users` (`community_id`, `user_id`, `created_at`) VALUES (10, 10, '1995-03-30 04:03:40');
INSERT INTO `communities_users` (`community_id`, `user_id`, `created_at`) VALUES (10, 30, '2013-04-13 20:35:14');
INSERT INTO `communities_users` (`community_id`, `user_id`, `created_at`) VALUES (10, 50, '1989-03-26 08:35:45');
INSERT INTO `communities_users` (`community_id`, `user_id`, `created_at`) VALUES (10, 70, '2009-10-08 20:45:23');
INSERT INTO `communities_users` (`community_id`, `user_id`, `created_at`) VALUES (10, 90, '2013-11-03 11:50:50');
INSERT INTO `communities_users` (`community_id`, `user_id`, `created_at`) VALUES (11, 11, '2009-01-16 10:20:46');
INSERT INTO `communities_users` (`community_id`, `user_id`, `created_at`) VALUES (11, 31, '1997-11-22 13:41:17');
INSERT INTO `communities_users` (`community_id`, `user_id`, `created_at`) VALUES (11, 51, '1983-09-25 02:36:41');
INSERT INTO `communities_users` (`community_id`, `user_id`, `created_at`) VALUES (11, 71, '1985-01-24 09:03:05');
INSERT INTO `communities_users` (`community_id`, `user_id`, `created_at`) VALUES (11, 91, '1977-09-14 14:26:46');
INSERT INTO `communities_users` (`community_id`, `user_id`, `created_at`) VALUES (12, 12, '1972-02-25 01:51:51');
INSERT INTO `communities_users` (`community_id`, `user_id`, `created_at`) VALUES (12, 32, '2008-05-23 03:05:55');
INSERT INTO `communities_users` (`community_id`, `user_id`, `created_at`) VALUES (12, 52, '2001-11-10 22:04:04');
INSERT INTO `communities_users` (`community_id`, `user_id`, `created_at`) VALUES (12, 72, '1984-08-29 11:57:54');
INSERT INTO `communities_users` (`community_id`, `user_id`, `created_at`) VALUES (12, 92, '1975-06-19 00:25:07');
INSERT INTO `communities_users` (`community_id`, `user_id`, `created_at`) VALUES (13, 13, '1977-05-11 08:08:10');
INSERT INTO `communities_users` (`community_id`, `user_id`, `created_at`) VALUES (13, 33, '2014-12-10 11:37:55');
INSERT INTO `communities_users` (`community_id`, `user_id`, `created_at`) VALUES (13, 53, '2006-11-25 15:59:54');
INSERT INTO `communities_users` (`community_id`, `user_id`, `created_at`) VALUES (13, 73, '1989-12-04 10:24:20');
INSERT INTO `communities_users` (`community_id`, `user_id`, `created_at`) VALUES (13, 93, '2004-06-18 17:10:52');
INSERT INTO `communities_users` (`community_id`, `user_id`, `created_at`) VALUES (14, 14, '1986-05-31 07:32:44');
INSERT INTO `communities_users` (`community_id`, `user_id`, `created_at`) VALUES (14, 34, '2006-02-09 05:54:04');
INSERT INTO `communities_users` (`community_id`, `user_id`, `created_at`) VALUES (14, 54, '1989-10-05 19:29:08');
INSERT INTO `communities_users` (`community_id`, `user_id`, `created_at`) VALUES (14, 74, '1977-06-15 05:39:46');
INSERT INTO `communities_users` (`community_id`, `user_id`, `created_at`) VALUES (14, 94, '1978-03-11 19:45:14');
INSERT INTO `communities_users` (`community_id`, `user_id`, `created_at`) VALUES (15, 15, '2003-01-24 07:42:34');
INSERT INTO `communities_users` (`community_id`, `user_id`, `created_at`) VALUES (15, 35, '2017-09-25 15:29:08');
INSERT INTO `communities_users` (`community_id`, `user_id`, `created_at`) VALUES (15, 55, '1975-03-07 06:06:24');
INSERT INTO `communities_users` (`community_id`, `user_id`, `created_at`) VALUES (15, 75, '2008-05-16 00:05:38');
INSERT INTO `communities_users` (`community_id`, `user_id`, `created_at`) VALUES (15, 95, '2000-06-20 07:39:35');
INSERT INTO `communities_users` (`community_id`, `user_id`, `created_at`) VALUES (16, 16, '2007-07-18 12:51:37');
INSERT INTO `communities_users` (`community_id`, `user_id`, `created_at`) VALUES (16, 36, '2007-10-30 03:02:06');
INSERT INTO `communities_users` (`community_id`, `user_id`, `created_at`) VALUES (16, 56, '2011-06-08 15:46:02');
INSERT INTO `communities_users` (`community_id`, `user_id`, `created_at`) VALUES (16, 76, '1999-11-16 13:23:14');
INSERT INTO `communities_users` (`community_id`, `user_id`, `created_at`) VALUES (16, 96, '1989-08-21 23:57:54');
INSERT INTO `communities_users` (`community_id`, `user_id`, `created_at`) VALUES (17, 17, '1975-08-01 15:06:32');
INSERT INTO `communities_users` (`community_id`, `user_id`, `created_at`) VALUES (17, 37, '2018-11-16 02:14:47');
INSERT INTO `communities_users` (`community_id`, `user_id`, `created_at`) VALUES (17, 57, '1998-10-12 18:27:28');
INSERT INTO `communities_users` (`community_id`, `user_id`, `created_at`) VALUES (17, 77, '2004-11-15 18:30:25');
INSERT INTO `communities_users` (`community_id`, `user_id`, `created_at`) VALUES (17, 97, '2012-05-17 17:40:11');
INSERT INTO `communities_users` (`community_id`, `user_id`, `created_at`) VALUES (18, 18, '1981-12-07 23:19:51');
INSERT INTO `communities_users` (`community_id`, `user_id`, `created_at`) VALUES (18, 38, '1990-06-10 14:43:15');
INSERT INTO `communities_users` (`community_id`, `user_id`, `created_at`) VALUES (18, 58, '2000-01-29 06:49:55');
INSERT INTO `communities_users` (`community_id`, `user_id`, `created_at`) VALUES (18, 78, '1998-09-08 03:38:38');
INSERT INTO `communities_users` (`community_id`, `user_id`, `created_at`) VALUES (18, 98, '2019-06-14 12:03:10');
INSERT INTO `communities_users` (`community_id`, `user_id`, `created_at`) VALUES (19, 19, '2001-09-12 14:22:16');
INSERT INTO `communities_users` (`community_id`, `user_id`, `created_at`) VALUES (19, 39, '1993-08-17 13:39:42');
INSERT INTO `communities_users` (`community_id`, `user_id`, `created_at`) VALUES (19, 59, '1971-01-23 23:04:33');
INSERT INTO `communities_users` (`community_id`, `user_id`, `created_at`) VALUES (19, 79, '1988-10-13 12:37:39');
INSERT INTO `communities_users` (`community_id`, `user_id`, `created_at`) VALUES (19, 99, '1985-06-24 05:17:50');
INSERT INTO `communities_users` (`community_id`, `user_id`, `created_at`) VALUES (20, 20, '1999-03-18 15:47:25');
INSERT INTO `communities_users` (`community_id`, `user_id`, `created_at`) VALUES (20, 40, '2016-03-03 07:23:14');
INSERT INTO `communities_users` (`community_id`, `user_id`, `created_at`) VALUES (20, 60, '1996-04-12 21:32:57');
INSERT INTO `communities_users` (`community_id`, `user_id`, `created_at`) VALUES (20, 80, '2007-02-07 01:37:31');
INSERT INTO `communities_users` (`community_id`, `user_id`, `created_at`) VALUES (20, 100, '1988-03-02 21:28:19');


#
# TABLE STRUCTURE FOR: friendship
#

DROP TABLE IF EXISTS `friendship`;

CREATE TABLE `friendship` (
  `user_id` int(10) unsigned NOT NULL COMMENT 'Ссылка на инициатора дружеских отношений',
  `friend_id` int(10) unsigned NOT NULL COMMENT 'Ссылка на получателя приглашения дружить',
  `status_id` int(10) unsigned NOT NULL COMMENT 'Ссылка на статус (текущее состояние) отношений',
  `requested_at` datetime DEFAULT current_timestamp() COMMENT 'Время отправления приглашения дружить',
  `confirmed_at` datetime DEFAULT NULL COMMENT 'Время подтверждения приглашения',
  `created_at` datetime DEFAULT current_timestamp() COMMENT 'Время создания строки',
  `updated_at` datetime DEFAULT current_timestamp() ON UPDATE current_timestamp() COMMENT 'Время обновления строки',
  PRIMARY KEY (`user_id`,`friend_id`) COMMENT 'Составной первичный ключ'
) ENGINE=InnoDB DEFAULT CHARSET=utf8 COLLATE=utf8_unicode_ci COMMENT='Таблица дружбы';

INSERT INTO `friendship` (`user_id`, `friend_id`, `status_id`, `requested_at`, `confirmed_at`, `created_at`, `updated_at`) VALUES (1, 45, 1, '2008-04-06 12:52:44', '2014-07-13 01:10:16', '1976-01-17 18:07:23', '2019-07-09 20:57:00');
INSERT INTO `friendship` (`user_id`, `friend_id`, `status_id`, `requested_at`, `confirmed_at`, `created_at`, `updated_at`) VALUES (2, 31, 2, '1976-10-04 03:16:26', '2003-10-02 22:29:49', '1997-04-09 04:04:35', '2009-10-05 05:08:48');
INSERT INTO `friendship` (`user_id`, `friend_id`, `status_id`, `requested_at`, `confirmed_at`, `created_at`, `updated_at`) VALUES (3, 15, 3, '1984-12-18 21:41:23', '1977-06-15 08:30:19', '2000-11-17 04:53:29', '1995-06-23 09:55:12');
INSERT INTO `friendship` (`user_id`, `friend_id`, `status_id`, `requested_at`, `confirmed_at`, `created_at`, `updated_at`) VALUES (4, 58, 4, '2016-02-15 21:33:11', '1978-04-20 01:07:05', '1972-10-06 09:48:09', '1974-06-28 06:31:10');
INSERT INTO `friendship` (`user_id`, `friend_id`, `status_id`, `requested_at`, `confirmed_at`, `created_at`, `updated_at`) VALUES (5, 52, 5, '2017-11-05 07:47:07', '1975-05-01 02:33:14', '1994-06-19 04:48:40', '1977-05-14 18:32:04');
INSERT INTO `friendship` (`user_id`, `friend_id`, `status_id`, `requested_at`, `confirmed_at`, `created_at`, `updated_at`) VALUES (6, 86, 6, '1980-07-19 17:07:22', '2018-11-16 02:06:50', '1990-08-16 12:16:05', '1983-07-10 04:51:06');
INSERT INTO `friendship` (`user_id`, `friend_id`, `status_id`, `requested_at`, `confirmed_at`, `created_at`, `updated_at`) VALUES (7, 71, 7, '1985-05-18 02:05:18', '1993-11-05 10:57:43', '1975-11-27 21:17:32', '1981-02-23 20:20:01');
INSERT INTO `friendship` (`user_id`, `friend_id`, `status_id`, `requested_at`, `confirmed_at`, `created_at`, `updated_at`) VALUES (8, 43, 8, '1978-10-13 17:00:56', '2009-11-02 14:00:40', '1976-01-17 19:47:53', '1990-03-20 19:03:23');
INSERT INTO `friendship` (`user_id`, `friend_id`, `status_id`, `requested_at`, `confirmed_at`, `created_at`, `updated_at`) VALUES (9, 22, 9, '2001-01-10 23:33:52', '2015-10-08 19:49:00', '1996-04-04 19:24:57', '1991-08-20 06:08:25');
INSERT INTO `friendship` (`user_id`, `friend_id`, `status_id`, `requested_at`, `confirmed_at`, `created_at`, `updated_at`) VALUES (10, 29, 10, '2004-09-21 12:50:51', '1987-12-03 04:56:57', '2004-02-12 08:35:36', '2002-12-13 14:33:17');
INSERT INTO `friendship` (`user_id`, `friend_id`, `status_id`, `requested_at`, `confirmed_at`, `created_at`, `updated_at`) VALUES (11, 9, 1, '1979-09-04 20:49:01', '1978-08-10 22:30:20', '2000-06-12 09:52:24', '2019-04-23 16:01:56');
INSERT INTO `friendship` (`user_id`, `friend_id`, `status_id`, `requested_at`, `confirmed_at`, `created_at`, `updated_at`) VALUES (12, 84, 2, '2013-02-28 17:05:38', '1978-05-18 01:46:58', '1972-08-02 17:05:17', '1984-02-18 07:47:11');
INSERT INTO `friendship` (`user_id`, `friend_id`, `status_id`, `requested_at`, `confirmed_at`, `created_at`, `updated_at`) VALUES (13, 70, 3, '1990-04-11 15:28:47', '1980-03-12 15:41:21', '2006-03-01 08:53:18', '1996-10-27 12:57:43');
INSERT INTO `friendship` (`user_id`, `friend_id`, `status_id`, `requested_at`, `confirmed_at`, `created_at`, `updated_at`) VALUES (14, 71, 4, '1987-06-01 18:00:28', '2017-01-22 04:45:02', '2000-10-22 07:06:26', '1993-08-11 04:15:17');
INSERT INTO `friendship` (`user_id`, `friend_id`, `status_id`, `requested_at`, `confirmed_at`, `created_at`, `updated_at`) VALUES (15, 72, 5, '2017-08-12 03:43:27', '2002-10-11 01:54:06', '2003-01-04 10:58:30', '1997-01-20 18:27:08');
INSERT INTO `friendship` (`user_id`, `friend_id`, `status_id`, `requested_at`, `confirmed_at`, `created_at`, `updated_at`) VALUES (16, 15, 6, '2000-05-07 08:23:56', '1981-06-21 07:47:39', '1974-04-14 21:15:42', '2014-11-26 20:06:23');
INSERT INTO `friendship` (`user_id`, `friend_id`, `status_id`, `requested_at`, `confirmed_at`, `created_at`, `updated_at`) VALUES (17, 81, 7, '2010-12-12 03:34:53', '2020-05-04 00:27:59', '1987-03-16 09:53:17', '2008-07-09 03:52:33');
INSERT INTO `friendship` (`user_id`, `friend_id`, `status_id`, `requested_at`, `confirmed_at`, `created_at`, `updated_at`) VALUES (18, 26, 8, '2005-06-24 21:54:23', '1997-01-22 15:19:10', '1978-02-11 15:05:41', '1972-08-25 05:15:09');
INSERT INTO `friendship` (`user_id`, `friend_id`, `status_id`, `requested_at`, `confirmed_at`, `created_at`, `updated_at`) VALUES (19, 23, 9, '1972-11-05 10:39:10', '1978-07-27 02:43:53', '1996-07-14 12:50:34', '1994-09-15 23:24:23');
INSERT INTO `friendship` (`user_id`, `friend_id`, `status_id`, `requested_at`, `confirmed_at`, `created_at`, `updated_at`) VALUES (20, 31, 10, '2013-10-11 16:11:47', '1972-02-05 07:36:58', '2014-01-19 20:52:45', '1974-11-16 07:26:51');
INSERT INTO `friendship` (`user_id`, `friend_id`, `status_id`, `requested_at`, `confirmed_at`, `created_at`, `updated_at`) VALUES (21, 86, 1, '1995-06-09 17:40:27', '2004-12-23 20:16:46', '2016-03-31 15:28:05', '2005-01-23 15:36:47');
INSERT INTO `friendship` (`user_id`, `friend_id`, `status_id`, `requested_at`, `confirmed_at`, `created_at`, `updated_at`) VALUES (22, 96, 2, '2008-12-14 01:09:58', '1976-04-02 09:37:13', '2011-12-18 16:38:00', '1982-08-08 03:33:04');
INSERT INTO `friendship` (`user_id`, `friend_id`, `status_id`, `requested_at`, `confirmed_at`, `created_at`, `updated_at`) VALUES (23, 82, 3, '1987-02-20 12:02:18', '2015-03-27 04:14:41', '1973-12-01 00:17:17', '1985-07-17 04:15:28');
INSERT INTO `friendship` (`user_id`, `friend_id`, `status_id`, `requested_at`, `confirmed_at`, `created_at`, `updated_at`) VALUES (24, 77, 4, '1983-11-01 11:59:24', '1987-11-14 03:13:44', '1976-12-12 21:15:02', '1974-08-28 11:26:50');
INSERT INTO `friendship` (`user_id`, `friend_id`, `status_id`, `requested_at`, `confirmed_at`, `created_at`, `updated_at`) VALUES (25, 29, 5, '1974-06-02 09:48:11', '2013-06-11 13:52:16', '1983-02-13 11:43:39', '1975-08-22 05:58:19');
INSERT INTO `friendship` (`user_id`, `friend_id`, `status_id`, `requested_at`, `confirmed_at`, `created_at`, `updated_at`) VALUES (26, 55, 6, '1987-02-19 19:22:57', '2007-04-09 08:14:27', '1988-05-29 09:16:43', '2007-04-12 03:42:01');
INSERT INTO `friendship` (`user_id`, `friend_id`, `status_id`, `requested_at`, `confirmed_at`, `created_at`, `updated_at`) VALUES (27, 57, 7, '2011-11-14 19:26:50', '1993-11-05 13:45:28', '2013-03-11 07:35:17', '1996-05-05 17:58:37');
INSERT INTO `friendship` (`user_id`, `friend_id`, `status_id`, `requested_at`, `confirmed_at`, `created_at`, `updated_at`) VALUES (28, 2, 8, '1993-02-16 10:39:30', '2009-07-22 23:27:27', '1993-01-05 10:15:43', '2003-07-31 04:54:11');
INSERT INTO `friendship` (`user_id`, `friend_id`, `status_id`, `requested_at`, `confirmed_at`, `created_at`, `updated_at`) VALUES (29, 2, 9, '1983-01-02 12:24:41', '1974-11-11 03:12:55', '2013-01-30 02:55:26', '1996-12-01 17:17:49');
INSERT INTO `friendship` (`user_id`, `friend_id`, `status_id`, `requested_at`, `confirmed_at`, `created_at`, `updated_at`) VALUES (30, 86, 10, '1999-08-20 17:35:22', '1991-04-12 05:51:05', '2019-02-18 20:06:48', '1984-10-20 03:16:59');
INSERT INTO `friendship` (`user_id`, `friend_id`, `status_id`, `requested_at`, `confirmed_at`, `created_at`, `updated_at`) VALUES (31, 12, 1, '2009-03-11 01:07:17', '1970-04-12 16:32:41', '1984-08-22 23:55:48', '1993-01-25 12:40:49');
INSERT INTO `friendship` (`user_id`, `friend_id`, `status_id`, `requested_at`, `confirmed_at`, `created_at`, `updated_at`) VALUES (32, 46, 2, '2020-02-10 11:22:46', '1989-03-29 19:53:23', '1988-11-20 08:00:13', '1979-08-15 01:41:49');
INSERT INTO `friendship` (`user_id`, `friend_id`, `status_id`, `requested_at`, `confirmed_at`, `created_at`, `updated_at`) VALUES (33, 16, 3, '1993-07-29 16:55:38', '2012-03-13 07:08:46', '2002-07-25 03:41:24', '2016-09-17 02:14:55');
INSERT INTO `friendship` (`user_id`, `friend_id`, `status_id`, `requested_at`, `confirmed_at`, `created_at`, `updated_at`) VALUES (34, 27, 4, '1991-02-21 21:27:54', '1999-04-06 20:18:12', '1992-09-20 10:32:51', '1995-12-26 12:28:58');
INSERT INTO `friendship` (`user_id`, `friend_id`, `status_id`, `requested_at`, `confirmed_at`, `created_at`, `updated_at`) VALUES (35, 4, 5, '1995-09-05 01:39:22', '1990-03-07 14:48:03', '2012-07-26 13:10:55', '2019-04-29 13:01:53');
INSERT INTO `friendship` (`user_id`, `friend_id`, `status_id`, `requested_at`, `confirmed_at`, `created_at`, `updated_at`) VALUES (36, 68, 6, '1982-08-28 23:49:03', '2015-02-01 04:59:42', '2001-12-19 23:32:42', '2009-11-14 15:24:37');
INSERT INTO `friendship` (`user_id`, `friend_id`, `status_id`, `requested_at`, `confirmed_at`, `created_at`, `updated_at`) VALUES (37, 13, 7, '1989-03-29 01:56:41', '2019-05-22 22:03:49', '1974-10-28 23:45:06', '1990-02-24 16:12:27');
INSERT INTO `friendship` (`user_id`, `friend_id`, `status_id`, `requested_at`, `confirmed_at`, `created_at`, `updated_at`) VALUES (38, 74, 8, '2009-11-04 07:30:30', '1998-02-15 04:06:18', '1998-02-13 08:47:43', '1990-09-19 12:06:04');
INSERT INTO `friendship` (`user_id`, `friend_id`, `status_id`, `requested_at`, `confirmed_at`, `created_at`, `updated_at`) VALUES (39, 10, 9, '2009-06-05 02:22:07', '2005-07-20 10:50:18', '1997-04-07 13:41:43', '1972-08-13 12:44:01');
INSERT INTO `friendship` (`user_id`, `friend_id`, `status_id`, `requested_at`, `confirmed_at`, `created_at`, `updated_at`) VALUES (40, 34, 10, '1981-02-14 19:00:30', '1977-04-29 01:04:32', '2010-11-17 21:38:39', '1998-03-13 03:32:15');
INSERT INTO `friendship` (`user_id`, `friend_id`, `status_id`, `requested_at`, `confirmed_at`, `created_at`, `updated_at`) VALUES (41, 2, 1, '2009-05-18 03:24:55', '1995-12-25 05:58:46', '2010-09-13 19:38:37', '1987-04-08 03:11:06');
INSERT INTO `friendship` (`user_id`, `friend_id`, `status_id`, `requested_at`, `confirmed_at`, `created_at`, `updated_at`) VALUES (42, 18, 2, '2016-01-09 23:54:49', '1973-03-19 08:15:48', '1998-07-01 05:44:40', '2014-08-11 02:36:30');
INSERT INTO `friendship` (`user_id`, `friend_id`, `status_id`, `requested_at`, `confirmed_at`, `created_at`, `updated_at`) VALUES (43, 18, 3, '1994-03-11 00:01:44', '1994-05-27 12:35:31', '1983-11-16 16:34:43', '2008-11-15 09:25:09');
INSERT INTO `friendship` (`user_id`, `friend_id`, `status_id`, `requested_at`, `confirmed_at`, `created_at`, `updated_at`) VALUES (44, 72, 4, '2003-05-02 22:34:44', '2005-10-03 00:12:06', '2007-08-19 03:55:25', '1996-04-04 06:39:03');
INSERT INTO `friendship` (`user_id`, `friend_id`, `status_id`, `requested_at`, `confirmed_at`, `created_at`, `updated_at`) VALUES (45, 89, 5, '1973-06-22 16:21:39', '2012-05-06 02:17:56', '2008-02-21 12:44:11', '1983-04-11 05:51:44');
INSERT INTO `friendship` (`user_id`, `friend_id`, `status_id`, `requested_at`, `confirmed_at`, `created_at`, `updated_at`) VALUES (46, 89, 6, '1996-04-25 12:41:26', '1993-09-14 11:42:25', '2019-02-10 16:10:19', '1998-12-01 16:21:03');
INSERT INTO `friendship` (`user_id`, `friend_id`, `status_id`, `requested_at`, `confirmed_at`, `created_at`, `updated_at`) VALUES (47, 87, 7, '2004-12-29 01:37:25', '2018-03-13 10:24:02', '1992-08-12 23:24:04', '2009-05-03 09:22:31');
INSERT INTO `friendship` (`user_id`, `friend_id`, `status_id`, `requested_at`, `confirmed_at`, `created_at`, `updated_at`) VALUES (48, 69, 8, '2000-01-21 11:04:42', '2005-08-14 13:39:05', '2014-09-03 07:55:12', '1992-07-08 13:46:39');
INSERT INTO `friendship` (`user_id`, `friend_id`, `status_id`, `requested_at`, `confirmed_at`, `created_at`, `updated_at`) VALUES (49, 14, 9, '2010-09-01 13:40:25', '1997-11-12 15:46:01', '2011-07-18 07:44:25', '1987-01-30 03:22:58');
INSERT INTO `friendship` (`user_id`, `friend_id`, `status_id`, `requested_at`, `confirmed_at`, `created_at`, `updated_at`) VALUES (50, 9, 10, '1981-09-05 23:09:04', '1982-09-19 14:23:02', '1970-12-18 10:20:51', '2015-09-23 07:00:06');
INSERT INTO `friendship` (`user_id`, `friend_id`, `status_id`, `requested_at`, `confirmed_at`, `created_at`, `updated_at`) VALUES (51, 99, 1, '1997-02-17 14:02:27', '1981-07-12 00:19:12', '1978-10-01 00:34:42', '2016-12-21 06:00:03');
INSERT INTO `friendship` (`user_id`, `friend_id`, `status_id`, `requested_at`, `confirmed_at`, `created_at`, `updated_at`) VALUES (52, 100, 2, '2020-02-01 20:54:55', '1972-11-23 00:34:36', '1989-01-27 22:38:20', '1992-06-25 13:47:05');
INSERT INTO `friendship` (`user_id`, `friend_id`, `status_id`, `requested_at`, `confirmed_at`, `created_at`, `updated_at`) VALUES (53, 4, 3, '1975-04-08 15:11:01', '2014-08-02 02:57:20', '2000-11-22 05:35:05', '1981-06-26 00:21:31');
INSERT INTO `friendship` (`user_id`, `friend_id`, `status_id`, `requested_at`, `confirmed_at`, `created_at`, `updated_at`) VALUES (54, 80, 4, '1991-01-21 05:38:39', '1987-11-11 02:43:30', '2001-10-02 22:10:09', '1975-10-16 08:10:56');
INSERT INTO `friendship` (`user_id`, `friend_id`, `status_id`, `requested_at`, `confirmed_at`, `created_at`, `updated_at`) VALUES (55, 76, 5, '1999-09-03 09:01:43', '1991-10-10 23:09:24', '1983-10-07 07:24:00', '1979-11-25 20:13:56');
INSERT INTO `friendship` (`user_id`, `friend_id`, `status_id`, `requested_at`, `confirmed_at`, `created_at`, `updated_at`) VALUES (56, 33, 6, '1991-03-13 17:51:35', '2017-07-23 14:35:39', '2011-04-26 12:20:20', '1987-09-16 19:32:15');
INSERT INTO `friendship` (`user_id`, `friend_id`, `status_id`, `requested_at`, `confirmed_at`, `created_at`, `updated_at`) VALUES (57, 35, 7, '1994-09-07 17:52:00', '1973-10-20 12:36:14', '2016-01-08 14:05:32', '1976-04-01 08:39:20');
INSERT INTO `friendship` (`user_id`, `friend_id`, `status_id`, `requested_at`, `confirmed_at`, `created_at`, `updated_at`) VALUES (58, 32, 8, '1979-11-05 01:37:01', '1997-07-03 00:47:59', '2011-07-18 18:20:55', '1971-01-22 11:06:38');
INSERT INTO `friendship` (`user_id`, `friend_id`, `status_id`, `requested_at`, `confirmed_at`, `created_at`, `updated_at`) VALUES (59, 35, 9, '2001-10-05 14:08:38', '2016-09-18 14:56:43', '2005-06-14 01:52:28', '2010-07-05 05:40:40');
INSERT INTO `friendship` (`user_id`, `friend_id`, `status_id`, `requested_at`, `confirmed_at`, `created_at`, `updated_at`) VALUES (60, 36, 10, '1987-12-09 23:17:22', '2018-05-16 07:23:17', '1995-08-06 10:52:45', '1970-09-25 19:44:07');
INSERT INTO `friendship` (`user_id`, `friend_id`, `status_id`, `requested_at`, `confirmed_at`, `created_at`, `updated_at`) VALUES (61, 18, 1, '2001-03-10 21:00:50', '1985-01-18 15:29:13', '2020-02-20 11:43:52', '1995-08-17 04:55:24');
INSERT INTO `friendship` (`user_id`, `friend_id`, `status_id`, `requested_at`, `confirmed_at`, `created_at`, `updated_at`) VALUES (62, 47, 2, '2006-01-01 17:01:54', '1976-02-09 08:02:05', '1975-12-30 12:28:39', '1990-01-12 01:25:53');
INSERT INTO `friendship` (`user_id`, `friend_id`, `status_id`, `requested_at`, `confirmed_at`, `created_at`, `updated_at`) VALUES (63, 82, 3, '1995-04-02 21:37:31', '2000-01-29 02:12:24', '1989-04-07 20:34:49', '2011-04-23 05:10:23');
INSERT INTO `friendship` (`user_id`, `friend_id`, `status_id`, `requested_at`, `confirmed_at`, `created_at`, `updated_at`) VALUES (64, 33, 4, '1972-05-16 19:54:25', '2000-04-20 18:33:29', '1984-03-18 04:35:15', '1995-08-31 19:25:19');
INSERT INTO `friendship` (`user_id`, `friend_id`, `status_id`, `requested_at`, `confirmed_at`, `created_at`, `updated_at`) VALUES (65, 73, 5, '2018-07-11 11:50:56', '2004-09-15 12:20:15', '1993-08-14 12:08:08', '2011-01-08 14:47:59');
INSERT INTO `friendship` (`user_id`, `friend_id`, `status_id`, `requested_at`, `confirmed_at`, `created_at`, `updated_at`) VALUES (66, 85, 6, '2016-11-17 00:39:32', '2017-08-28 23:01:48', '2007-07-21 12:05:00', '2019-10-08 13:02:19');
INSERT INTO `friendship` (`user_id`, `friend_id`, `status_id`, `requested_at`, `confirmed_at`, `created_at`, `updated_at`) VALUES (67, 100, 7, '1973-03-05 04:25:58', '1999-06-27 00:54:04', '1991-03-01 10:26:55', '1992-06-12 12:34:25');
INSERT INTO `friendship` (`user_id`, `friend_id`, `status_id`, `requested_at`, `confirmed_at`, `created_at`, `updated_at`) VALUES (68, 85, 8, '2007-11-26 17:23:25', '1971-01-03 00:08:19', '1996-05-18 02:52:38', '1971-04-11 05:39:52');
INSERT INTO `friendship` (`user_id`, `friend_id`, `status_id`, `requested_at`, `confirmed_at`, `created_at`, `updated_at`) VALUES (69, 58, 9, '2019-07-31 03:31:26', '1975-06-29 07:59:37', '1989-12-21 21:12:10', '2015-10-10 11:30:12');
INSERT INTO `friendship` (`user_id`, `friend_id`, `status_id`, `requested_at`, `confirmed_at`, `created_at`, `updated_at`) VALUES (70, 10, 10, '1985-03-13 19:48:19', '2016-04-25 11:14:09', '1988-01-02 12:22:45', '2006-09-10 09:50:36');
INSERT INTO `friendship` (`user_id`, `friend_id`, `status_id`, `requested_at`, `confirmed_at`, `created_at`, `updated_at`) VALUES (71, 19, 1, '2011-05-08 09:50:49', '1980-10-31 20:53:17', '1998-06-03 13:31:50', '2019-09-23 16:49:44');
INSERT INTO `friendship` (`user_id`, `friend_id`, `status_id`, `requested_at`, `confirmed_at`, `created_at`, `updated_at`) VALUES (72, 59, 2, '1977-02-06 01:05:05', '2019-10-19 00:17:01', '2000-05-17 17:14:32', '1984-06-16 19:09:40');
INSERT INTO `friendship` (`user_id`, `friend_id`, `status_id`, `requested_at`, `confirmed_at`, `created_at`, `updated_at`) VALUES (73, 28, 3, '1972-04-27 00:26:17', '1978-07-18 00:49:57', '1989-01-26 13:38:09', '1985-10-24 02:13:05');
INSERT INTO `friendship` (`user_id`, `friend_id`, `status_id`, `requested_at`, `confirmed_at`, `created_at`, `updated_at`) VALUES (74, 36, 4, '1990-04-17 14:27:06', '1972-11-11 17:18:58', '1986-08-27 02:15:27', '1976-07-01 08:59:15');
INSERT INTO `friendship` (`user_id`, `friend_id`, `status_id`, `requested_at`, `confirmed_at`, `created_at`, `updated_at`) VALUES (75, 31, 5, '1985-12-16 12:54:44', '2010-02-05 21:36:38', '1985-05-06 09:13:28', '2003-03-20 12:59:59');
INSERT INTO `friendship` (`user_id`, `friend_id`, `status_id`, `requested_at`, `confirmed_at`, `created_at`, `updated_at`) VALUES (76, 16, 6, '1973-07-08 17:48:26', '1996-09-14 19:04:10', '1993-11-09 23:57:27', '2014-05-24 13:16:56');
INSERT INTO `friendship` (`user_id`, `friend_id`, `status_id`, `requested_at`, `confirmed_at`, `created_at`, `updated_at`) VALUES (77, 25, 7, '2000-03-17 07:04:27', '1976-01-17 16:58:25', '2007-09-14 08:38:42', '1991-04-01 00:17:47');
INSERT INTO `friendship` (`user_id`, `friend_id`, `status_id`, `requested_at`, `confirmed_at`, `created_at`, `updated_at`) VALUES (78, 17, 8, '1975-05-21 11:38:45', '2003-11-10 04:39:01', '1986-01-04 23:50:16', '1979-07-08 19:50:44');
INSERT INTO `friendship` (`user_id`, `friend_id`, `status_id`, `requested_at`, `confirmed_at`, `created_at`, `updated_at`) VALUES (79, 84, 9, '2017-09-20 23:17:32', '1993-07-25 21:07:39', '1987-05-18 09:58:13', '1997-07-19 05:32:21');
INSERT INTO `friendship` (`user_id`, `friend_id`, `status_id`, `requested_at`, `confirmed_at`, `created_at`, `updated_at`) VALUES (80, 38, 10, '1971-02-11 21:08:08', '2018-06-02 10:57:26', '2009-09-12 02:09:33', '1984-12-29 19:39:15');
INSERT INTO `friendship` (`user_id`, `friend_id`, `status_id`, `requested_at`, `confirmed_at`, `created_at`, `updated_at`) VALUES (81, 25, 1, '1980-11-06 14:09:26', '1989-07-21 00:36:53', '1985-07-26 09:49:15', '1981-04-24 15:24:16');
INSERT INTO `friendship` (`user_id`, `friend_id`, `status_id`, `requested_at`, `confirmed_at`, `created_at`, `updated_at`) VALUES (82, 83, 2, '2018-05-03 22:15:33', '2019-02-04 02:43:41', '2004-07-09 03:40:49', '1987-05-10 02:06:06');
INSERT INTO `friendship` (`user_id`, `friend_id`, `status_id`, `requested_at`, `confirmed_at`, `created_at`, `updated_at`) VALUES (83, 37, 3, '1974-07-27 15:15:07', '1996-10-25 23:17:23', '2017-01-20 04:08:31', '1972-04-12 03:00:04');
INSERT INTO `friendship` (`user_id`, `friend_id`, `status_id`, `requested_at`, `confirmed_at`, `created_at`, `updated_at`) VALUES (84, 29, 4, '1984-04-06 20:11:51', '1977-09-03 13:05:47', '2000-10-02 07:29:00', '1972-10-26 10:07:59');
INSERT INTO `friendship` (`user_id`, `friend_id`, `status_id`, `requested_at`, `confirmed_at`, `created_at`, `updated_at`) VALUES (85, 63, 5, '1977-02-21 07:57:53', '2000-07-19 01:33:50', '1979-01-11 11:50:48', '2016-12-28 11:52:24');
INSERT INTO `friendship` (`user_id`, `friend_id`, `status_id`, `requested_at`, `confirmed_at`, `created_at`, `updated_at`) VALUES (86, 13, 6, '1981-09-18 05:55:36', '2011-05-21 00:45:20', '2016-04-12 02:06:42', '1989-06-18 18:55:31');
INSERT INTO `friendship` (`user_id`, `friend_id`, `status_id`, `requested_at`, `confirmed_at`, `created_at`, `updated_at`) VALUES (87, 62, 7, '1997-03-25 02:57:59', '2017-02-16 04:36:50', '2003-12-25 12:49:16', '1972-03-31 21:29:52');
INSERT INTO `friendship` (`user_id`, `friend_id`, `status_id`, `requested_at`, `confirmed_at`, `created_at`, `updated_at`) VALUES (88, 97, 8, '1998-02-19 17:44:09', '1972-10-29 12:05:14', '1981-09-18 06:15:36', '2007-01-13 20:16:19');
INSERT INTO `friendship` (`user_id`, `friend_id`, `status_id`, `requested_at`, `confirmed_at`, `created_at`, `updated_at`) VALUES (89, 45, 9, '1997-12-20 08:50:29', '2000-04-09 03:30:37', '1972-05-05 11:16:32', '1986-07-09 14:53:41');
INSERT INTO `friendship` (`user_id`, `friend_id`, `status_id`, `requested_at`, `confirmed_at`, `created_at`, `updated_at`) VALUES (90, 96, 10, '1973-01-20 01:19:25', '2017-08-31 06:32:29', '1975-05-22 14:47:55', '1990-08-08 23:37:30');
INSERT INTO `friendship` (`user_id`, `friend_id`, `status_id`, `requested_at`, `confirmed_at`, `created_at`, `updated_at`) VALUES (91, 33, 1, '2010-02-04 05:02:13', '2015-10-23 15:49:16', '2006-08-21 13:34:07', '1983-01-16 11:56:31');
INSERT INTO `friendship` (`user_id`, `friend_id`, `status_id`, `requested_at`, `confirmed_at`, `created_at`, `updated_at`) VALUES (92, 62, 2, '1988-12-10 11:50:55', '1974-02-28 08:10:24', '1977-09-28 23:15:26', '1986-01-02 13:26:14');
INSERT INTO `friendship` (`user_id`, `friend_id`, `status_id`, `requested_at`, `confirmed_at`, `created_at`, `updated_at`) VALUES (93, 42, 3, '2001-04-22 23:48:09', '2010-12-12 16:22:59', '1996-08-05 18:28:21', '2004-02-14 10:42:55');
INSERT INTO `friendship` (`user_id`, `friend_id`, `status_id`, `requested_at`, `confirmed_at`, `created_at`, `updated_at`) VALUES (94, 14, 4, '1985-03-20 09:21:26', '1993-01-31 07:12:13', '1975-08-28 10:45:21', '1971-09-21 11:49:23');
INSERT INTO `friendship` (`user_id`, `friend_id`, `status_id`, `requested_at`, `confirmed_at`, `created_at`, `updated_at`) VALUES (95, 95, 5, '1999-06-23 00:20:32', '2016-12-26 17:43:14', '1988-04-28 13:34:33', '2001-08-06 21:26:29');
INSERT INTO `friendship` (`user_id`, `friend_id`, `status_id`, `requested_at`, `confirmed_at`, `created_at`, `updated_at`) VALUES (96, 15, 6, '1970-02-09 00:59:29', '1978-07-28 11:02:55', '2016-09-24 17:26:07', '1975-10-10 11:41:21');
INSERT INTO `friendship` (`user_id`, `friend_id`, `status_id`, `requested_at`, `confirmed_at`, `created_at`, `updated_at`) VALUES (97, 98, 7, '2015-07-09 06:51:52', '1986-07-06 15:54:10', '2017-09-20 17:59:34', '1982-05-01 08:06:30');
INSERT INTO `friendship` (`user_id`, `friend_id`, `status_id`, `requested_at`, `confirmed_at`, `created_at`, `updated_at`) VALUES (98, 95, 8, '1976-09-19 14:20:58', '1993-04-21 11:59:33', '1977-03-03 14:42:18', '1985-03-01 09:44:11');
INSERT INTO `friendship` (`user_id`, `friend_id`, `status_id`, `requested_at`, `confirmed_at`, `created_at`, `updated_at`) VALUES (99, 99, 9, '1996-03-31 11:52:17', '2008-07-08 12:03:11', '2015-12-08 21:41:45', '1997-08-31 07:18:30');
INSERT INTO `friendship` (`user_id`, `friend_id`, `status_id`, `requested_at`, `confirmed_at`, `created_at`, `updated_at`) VALUES (100, 55, 10, '1986-07-22 10:59:57', '1997-02-18 01:29:42', '1981-11-02 08:59:03', '1986-03-18 18:02:20');


#
# TABLE STRUCTURE FOR: friendship_statuses
#

DROP TABLE IF EXISTS `friendship_statuses`;

CREATE TABLE `friendship_statuses` (
  `id` int(10) unsigned NOT NULL AUTO_INCREMENT COMMENT 'Идентификатор строки',
  `name` varchar(150) COLLATE utf8_unicode_ci NOT NULL COMMENT 'Название статуса',
  `created_at` datetime DEFAULT current_timestamp() COMMENT 'Время создания строки',
  `updated_at` datetime DEFAULT current_timestamp() ON UPDATE current_timestamp() COMMENT 'Время обновления строки',
  PRIMARY KEY (`id`),
  UNIQUE KEY `name` (`name`)
) ENGINE=InnoDB AUTO_INCREMENT=11 DEFAULT CHARSET=utf8 COLLATE=utf8_unicode_ci COMMENT='Статусы дружбы';

INSERT INTO `friendship_statuses` (`id`, `name`, `created_at`, `updated_at`) VALUES (1, 'a', '2013-10-19 16:20:03', '1971-06-02 07:50:31');
INSERT INTO `friendship_statuses` (`id`, `name`, `created_at`, `updated_at`) VALUES (2, 'nemo', '2014-08-07 11:00:58', '2013-07-24 20:03:07');
INSERT INTO `friendship_statuses` (`id`, `name`, `created_at`, `updated_at`) VALUES (3, 'amet', '1982-06-03 11:59:50', '1980-03-05 03:47:59');
INSERT INTO `friendship_statuses` (`id`, `name`, `created_at`, `updated_at`) VALUES (4, 'ipsa', '2019-11-21 18:37:45', '1979-03-30 18:42:18');
INSERT INTO `friendship_statuses` (`id`, `name`, `created_at`, `updated_at`) VALUES (5, 'nulla', '1988-07-29 15:00:15', '1997-07-14 00:35:18');
INSERT INTO `friendship_statuses` (`id`, `name`, `created_at`, `updated_at`) VALUES (6, 'cupiditate', '1971-11-01 23:54:49', '2003-08-04 10:27:30');
INSERT INTO `friendship_statuses` (`id`, `name`, `created_at`, `updated_at`) VALUES (7, 'odio', '1998-06-23 21:23:43', '2015-04-10 04:48:17');
INSERT INTO `friendship_statuses` (`id`, `name`, `created_at`, `updated_at`) VALUES (8, 'iure', '2000-12-22 16:54:13', '1976-12-30 05:45:06');
INSERT INTO `friendship_statuses` (`id`, `name`, `created_at`, `updated_at`) VALUES (9, 'voluptas', '1979-07-28 16:52:41', '2006-12-31 04:45:33');
INSERT INTO `friendship_statuses` (`id`, `name`, `created_at`, `updated_at`) VALUES (10, 'quod', '1999-11-11 01:21:16', '1971-10-05 11:21:32');


#
# TABLE STRUCTURE FOR: media
#

DROP TABLE IF EXISTS `media`;

CREATE TABLE `media` (
  `id` int(10) unsigned NOT NULL AUTO_INCREMENT COMMENT 'Идентификатор строки',
  `user_id` int(10) unsigned NOT NULL COMMENT 'Ссылка на пользователя, который загрузил файл',
  `filename` varchar(255) COLLATE utf8_unicode_ci NOT NULL COMMENT 'Путь к файлу',
  `size` int(11) NOT NULL COMMENT 'Размер файла',
  `metadata` varchar(255) COLLATE utf8_unicode_ci DEFAULT NULL COMMENT 'Метаданные файла',
  `media_type_id` int(10) unsigned NOT NULL COMMENT 'Ссылка на тип контента',
  `created_at` datetime DEFAULT current_timestamp() COMMENT 'Время создания строки',
  `updated_at` datetime DEFAULT current_timestamp() ON UPDATE current_timestamp() COMMENT 'Время обновления строки',
  PRIMARY KEY (`id`)
) ENGINE=InnoDB AUTO_INCREMENT=101 DEFAULT CHARSET=utf8 COLLATE=utf8_unicode_ci COMMENT='Медиафайлы';

INSERT INTO `media` (`id`, `user_id`, `filename`, `size`, `metadata`, `media_type_id`, `created_at`, `updated_at`) VALUES (1, 1, 'vk/70d84dfdd8951cd285fcc35afcbbe45f.jpg', 36681, 'Eveniet ad hic aspernatur sit. Est quisquam pariatur eaque provident ex neque dicta. Architecto molestiae qui consequatur totam officia culpa distinctio autem.', 1, '1984-03-28 02:27:04', '1993-01-25 08:29:32');
INSERT INTO `media` (`id`, `user_id`, `filename`, `size`, `metadata`, `media_type_id`, `created_at`, `updated_at`) VALUES (2, 2, 'vk/153cf9d7909d4ca1682db9c9c2ab1e5b.jpg', 26272, 'Autem numquam eum aliquam earum laborum alias. Tenetur in omnis perferendis veniam est. Voluptatem id explicabo assumenda saepe illo. Illum nesciunt porro temporibus et quae velit eos et.', 2, '2001-04-21 19:16:34', '1996-12-28 01:53:40');
INSERT INTO `media` (`id`, `user_id`, `filename`, `size`, `metadata`, `media_type_id`, `created_at`, `updated_at`) VALUES (3, 3, 'vk/1bb60d15130db05ce5b9527877e54a3e.jpg', 35252, 'Impedit aut velit totam sit. Aliquam in adipisci ipsa iusto quod.', 3, '1990-01-06 09:13:28', '2008-03-09 16:15:55');
INSERT INTO `media` (`id`, `user_id`, `filename`, `size`, `metadata`, `media_type_id`, `created_at`, `updated_at`) VALUES (4, 4, 'vk/0c1e210de13c53685d6e9592b714c512.jpg', 18294, 'Sit sapiente est consequuntur quisquam culpa praesentium. Repellendus et voluptatem ut omnis quibusdam. Facere et dolorem unde qui qui.', 4, '2005-08-29 03:10:56', '1976-03-26 01:26:02');
INSERT INTO `media` (`id`, `user_id`, `filename`, `size`, `metadata`, `media_type_id`, `created_at`, `updated_at`) VALUES (5, 5, 'vk/c98ae075ad0484d8c9669b8049fc7f25.jpg', 21074, 'Pariatur velit voluptas mollitia quasi in iure. Deserunt eum inventore amet repellendus.', 5, '1995-10-20 15:08:16', '2014-01-14 04:02:55');
INSERT INTO `media` (`id`, `user_id`, `filename`, `size`, `metadata`, `media_type_id`, `created_at`, `updated_at`) VALUES (6, 6, 'vk/dfbdb894aa5889dec747d54eb10f047b.jpg', 32500, 'Et neque aut facere sed. Dicta molestiae est libero commodi cupiditate deserunt. Iure officia maxime excepturi quo.', 6, '1984-04-08 13:00:34', '1970-12-19 20:35:17');
INSERT INTO `media` (`id`, `user_id`, `filename`, `size`, `metadata`, `media_type_id`, `created_at`, `updated_at`) VALUES (7, 7, 'vk/93c5c22f3bb9ae7387874ea1d50230a9.jpg', 28784, 'Voluptas vitae nemo porro sunt dolore id beatae. Exercitationem ut et fugit ducimus voluptatem tempore. Et sit et sunt labore.', 7, '2020-06-21 01:17:24', '1999-06-02 22:52:59');
INSERT INTO `media` (`id`, `user_id`, `filename`, `size`, `metadata`, `media_type_id`, `created_at`, `updated_at`) VALUES (8, 8, 'vk/7b087d7c61168ca8b952c9d19c7a2e0a.jpg', 31385, 'Animi corporis et tempora ut non et voluptatem. Et id blanditiis dignissimos excepturi. Et aspernatur excepturi aut sunt. Fugit quis soluta quaerat pariatur.', 8, '1999-01-26 05:11:58', '2002-03-17 11:05:05');
INSERT INTO `media` (`id`, `user_id`, `filename`, `size`, `metadata`, `media_type_id`, `created_at`, `updated_at`) VALUES (9, 9, 'vk/61eed1b2896f760ef235fcdf047ae4af.jpg', 31577, 'Id nisi facere sapiente totam deserunt. Voluptatem quo qui sed occaecati. Laudantium eius error officia sed corporis et perspiciatis.', 9, '2016-01-14 11:28:34', '2008-04-24 16:52:32');
INSERT INTO `media` (`id`, `user_id`, `filename`, `size`, `metadata`, `media_type_id`, `created_at`, `updated_at`) VALUES (10, 10, 'vk/4cebea1b563d104f9884ffa8cfc8b922.jpg', 27761, 'Eveniet aut quasi mollitia et voluptas quis tempore. Inventore eligendi et veritatis. Porro cumque quia explicabo qui animi repellat velit.', 10, '1981-05-21 03:37:07', '1997-06-10 21:33:36');
INSERT INTO `media` (`id`, `user_id`, `filename`, `size`, `metadata`, `media_type_id`, `created_at`, `updated_at`) VALUES (11, 11, 'vk/624a65dec7b60540005a966548c301ad.jpg', 35897, 'Accusamus officia aut culpa ratione dolores. Praesentium ut voluptatum omnis sint et sit. Nemo porro debitis ut non non illum similique rerum. Esse nostrum in modi quia.', 11, '2011-06-22 15:15:32', '1971-08-26 14:55:41');
INSERT INTO `media` (`id`, `user_id`, `filename`, `size`, `metadata`, `media_type_id`, `created_at`, `updated_at`) VALUES (12, 12, 'vk/4f03eed078146cc89a060b592819056a.jpg', 24052, 'Quia ea ab eligendi delectus eligendi fuga. Et non tenetur modi. Non voluptatem maiores rerum ipsam.', 12, '2012-06-05 00:56:27', '1984-08-02 19:50:17');
INSERT INTO `media` (`id`, `user_id`, `filename`, `size`, `metadata`, `media_type_id`, `created_at`, `updated_at`) VALUES (13, 13, 'vk/f1a82abec9ad13fb6ab85ef8ba8ff64e.jpg', 33896, 'Expedita doloribus modi autem. Dolore sit illo sit. Dolorum illum ea quos odit alias reprehenderit quia id.', 13, '1973-01-08 08:16:20', '1998-01-23 19:21:25');
INSERT INTO `media` (`id`, `user_id`, `filename`, `size`, `metadata`, `media_type_id`, `created_at`, `updated_at`) VALUES (14, 14, 'vk/fc9e8b043528d031942e8a120529477c.jpg', 4032, 'Quaerat aliquid impedit qui consequatur nemo nam commodi. Aut voluptates consequatur sit molestias. Aspernatur a et ad quia tenetur sint asperiores.', 14, '2013-02-20 09:12:51', '2000-05-11 17:52:54');
INSERT INTO `media` (`id`, `user_id`, `filename`, `size`, `metadata`, `media_type_id`, `created_at`, `updated_at`) VALUES (15, 15, 'vk/4c6d13db360922869a7d45a339b02cef.jpg', 31703, 'Repellat ut sint ut distinctio illo maiores quae. Architecto expedita sit quisquam ut similique nulla. Sint expedita dolor totam sed aspernatur voluptates.', 15, '2018-02-07 10:15:32', '1991-08-12 22:40:17');
INSERT INTO `media` (`id`, `user_id`, `filename`, `size`, `metadata`, `media_type_id`, `created_at`, `updated_at`) VALUES (16, 16, 'vk/27d542f227c0dbc3bddb2fe12f83a6b4.jpg', 33753, 'Omnis consequuntur sed ea consequatur iusto. Autem quibusdam nobis sapiente sint aperiam sunt dolorem qui. Enim vel dolor et est minima. Modi cum officia perferendis alias neque aliquam blanditiis.', 1, '2012-03-26 04:24:04', '1989-06-14 16:50:44');
INSERT INTO `media` (`id`, `user_id`, `filename`, `size`, `metadata`, `media_type_id`, `created_at`, `updated_at`) VALUES (17, 17, 'vk/3f9c59ea68c5e99b48a61697022ffd85.jpg', 12287, 'Perferendis inventore natus consequatur deserunt odio vitae at. Incidunt reprehenderit ex ullam sit voluptate qui qui. Et distinctio a quo et tenetur optio.', 2, '1985-04-23 03:05:19', '2017-11-22 09:27:52');
INSERT INTO `media` (`id`, `user_id`, `filename`, `size`, `metadata`, `media_type_id`, `created_at`, `updated_at`) VALUES (18, 18, 'vk/e13317a5f6dc0e58233e85f2bc657e8b.jpg', 15767, 'Et officiis quod nesciunt explicabo saepe laborum. Perferendis sed facilis in nostrum sit dicta asperiores. Dolore et libero repellendus neque sit ut. Itaque sed quis perspiciatis aut est aut.', 3, '2018-06-08 07:45:44', '1991-12-20 11:42:30');
INSERT INTO `media` (`id`, `user_id`, `filename`, `size`, `metadata`, `media_type_id`, `created_at`, `updated_at`) VALUES (19, 19, 'vk/aecf85d32ad29a28a202f754f3467358.jpg', 11826, 'Quia laboriosam animi quibusdam corporis iure ut ut. Incidunt quaerat dignissimos ut est voluptatum. Voluptate consectetur dolorem porro aperiam fuga perferendis quas.', 4, '1982-12-24 19:02:15', '1986-04-03 11:31:09');
INSERT INTO `media` (`id`, `user_id`, `filename`, `size`, `metadata`, `media_type_id`, `created_at`, `updated_at`) VALUES (20, 20, 'vk/8bfeca523a0061babd98750830377148.jpg', 963, 'Aut tempore quos enim ducimus. Perferendis illo modi velit est. Quis a animi esse vero ut dignissimos porro.', 5, '2005-02-04 13:26:18', '1999-09-04 19:55:32');
INSERT INTO `media` (`id`, `user_id`, `filename`, `size`, `metadata`, `media_type_id`, `created_at`, `updated_at`) VALUES (21, 21, 'vk/e1249610ddc2cd22a50f80e90b306b93.jpg', 38471, 'Ea consectetur officia ut quis aliquid ut. Alias et consequatur rem cupiditate. Laboriosam temporibus rerum libero est eos non. Ab odit libero ut vel culpa.', 6, '2002-09-22 22:32:47', '1987-03-01 23:14:46');
INSERT INTO `media` (`id`, `user_id`, `filename`, `size`, `metadata`, `media_type_id`, `created_at`, `updated_at`) VALUES (22, 22, 'vk/5d903ac784830869d895c5513158d6a3.jpg', 10075, 'Voluptatem eos quia et est. Placeat nemo molestiae labore sit ad. Deserunt eveniet voluptatem quasi nihil odio.', 7, '2001-12-24 20:25:38', '1977-11-28 01:40:18');
INSERT INTO `media` (`id`, `user_id`, `filename`, `size`, `metadata`, `media_type_id`, `created_at`, `updated_at`) VALUES (23, 23, 'vk/8917f28b323ce61cdcd803b3e6f37f90.jpg', 25613, 'Ipsam est non enim impedit. Sed qui quis unde quisquam maiores. Illo et velit possimus et.\nNon iste aut est. Aut vitae perferendis ullam et. Vel enim dignissimos et mollitia tempora non.', 8, '1978-05-11 07:11:58', '2017-11-12 17:52:46');
INSERT INTO `media` (`id`, `user_id`, `filename`, `size`, `metadata`, `media_type_id`, `created_at`, `updated_at`) VALUES (24, 24, 'vk/3921ad4c450ada7ef554bf5dcbc04871.jpg', 34771, 'Ut a est quas cum esse maxime omnis. Eum id corrupti nihil sit doloribus sed. Neque suscipit vitae aliquid.', 9, '2004-09-17 14:51:12', '2008-06-10 16:34:57');
INSERT INTO `media` (`id`, `user_id`, `filename`, `size`, `metadata`, `media_type_id`, `created_at`, `updated_at`) VALUES (25, 25, 'vk/30d356e261c24a9dec48faef5815653c.jpg', 30142, 'Eos non qui consequatur tempora cumque. Vel non non tempore quos at qui. Eligendi et illo est et cumque.', 10, '1971-12-11 11:41:14', '1986-01-01 14:58:32');
INSERT INTO `media` (`id`, `user_id`, `filename`, `size`, `metadata`, `media_type_id`, `created_at`, `updated_at`) VALUES (26, 26, 'vk/c49dc2f5d15e7f57dd42534a7de44a65.jpg', 21208, 'Non impedit aut ab. Quaerat amet incidunt autem ratione minus rem.', 11, '2003-11-12 22:01:04', '2007-03-05 09:58:11');
INSERT INTO `media` (`id`, `user_id`, `filename`, `size`, `metadata`, `media_type_id`, `created_at`, `updated_at`) VALUES (27, 27, 'vk/c9d1bf7f306d18dfa6fba3b1c2badbb8.jpg', 20273, 'Aut fuga eius aut iure quisquam amet architecto. Tempora commodi ab eum dicta velit ipsam facilis sapiente. Adipisci aut dolorem perferendis totam. Quos eos sunt placeat aliquid.', 12, '2000-06-17 19:51:39', '1983-11-19 20:52:59');
INSERT INTO `media` (`id`, `user_id`, `filename`, `size`, `metadata`, `media_type_id`, `created_at`, `updated_at`) VALUES (28, 28, 'vk/d3f6546652dfa148e239bc105f9ee519.jpg', 12360, 'Dolore qui debitis est repellat. Unde non ut atque. Odio laboriosam natus qui debitis repellendus. Assumenda est facilis ex quos praesentium.', 13, '1970-12-10 02:36:03', '1993-04-17 16:53:52');
INSERT INTO `media` (`id`, `user_id`, `filename`, `size`, `metadata`, `media_type_id`, `created_at`, `updated_at`) VALUES (29, 29, 'vk/f9295d1c0f1623c2093c0c2bff556f65.jpg', 18016, 'Blanditiis excepturi porro animi quia iure. Ducimus aut aut dolores magnam. Et excepturi cupiditate maxime vero.', 14, '1970-03-29 17:39:37', '2010-10-20 13:32:30');
INSERT INTO `media` (`id`, `user_id`, `filename`, `size`, `metadata`, `media_type_id`, `created_at`, `updated_at`) VALUES (30, 30, 'vk/3266eed79c80084f0040953790791401.jpg', 16384, 'Culpa atque veniam beatae quidem. Id et labore aliquid quidem. Odio recusandae dolor maxime nisi itaque.\nIpsam harum saepe vel molestiae sunt. Nemo minus aut molestias nihil ab excepturi.', 15, '1985-11-30 09:49:32', '1990-07-09 05:49:28');
INSERT INTO `media` (`id`, `user_id`, `filename`, `size`, `metadata`, `media_type_id`, `created_at`, `updated_at`) VALUES (31, 31, 'vk/ee7512ad1c4a18f193d959c463608e49.jpg', 30024, 'Saepe et similique odit nihil id sunt. Rem aut aut velit neque culpa et. Quia inventore ea corrupti amet aut.', 1, '1992-04-04 02:59:00', '1970-04-20 00:41:27');
INSERT INTO `media` (`id`, `user_id`, `filename`, `size`, `metadata`, `media_type_id`, `created_at`, `updated_at`) VALUES (32, 32, 'vk/2bffc528e90868418ab27880a42f78a7.jpg', 29766, 'Officiis veritatis omnis tempore in. Autem laborum velit deleniti ullam ex eligendi. Odio optio et dolorem.', 2, '2007-05-06 03:46:30', '2014-06-06 05:28:28');
INSERT INTO `media` (`id`, `user_id`, `filename`, `size`, `metadata`, `media_type_id`, `created_at`, `updated_at`) VALUES (33, 33, 'vk/eec11711166777daccc2030a9e01dda7.jpg', 21827, 'Tenetur quo temporibus in adipisci et id. Possimus molestias ut quam quisquam fuga.', 3, '2006-12-05 01:56:56', '1980-05-23 00:43:55');
INSERT INTO `media` (`id`, `user_id`, `filename`, `size`, `metadata`, `media_type_id`, `created_at`, `updated_at`) VALUES (34, 34, 'vk/c8038eddc2f87e66aaa3cfe161769ad0.jpg', 1724, 'Quia exercitationem impedit minus hic. Optio et expedita non ut et inventore. Voluptas ipsam ut iure est quia aperiam.', 4, '2000-06-27 18:58:48', '1986-09-16 13:45:12');
INSERT INTO `media` (`id`, `user_id`, `filename`, `size`, `metadata`, `media_type_id`, `created_at`, `updated_at`) VALUES (35, 35, 'vk/72f05a04e1ca12d6b4d899ab20c1321f.jpg', 29315, 'Ut cumque ut inventore at. Explicabo illum est aut animi voluptates facere assumenda. Et sit ipsum et quis quam. Laborum molestiae neque illo nam optio quos ratione.', 5, '1984-06-14 00:55:48', '1977-05-20 17:04:31');
INSERT INTO `media` (`id`, `user_id`, `filename`, `size`, `metadata`, `media_type_id`, `created_at`, `updated_at`) VALUES (36, 36, 'vk/b745aadf098eb72d2c8f98076bc0814d.jpg', 29377, 'Expedita corporis aut et dicta at corporis qui eveniet. Ut perspiciatis distinctio libero et hic. Aperiam expedita nihil ratione consequuntur rerum.', 6, '1980-03-16 12:49:27', '2004-08-06 04:40:57');
INSERT INTO `media` (`id`, `user_id`, `filename`, `size`, `metadata`, `media_type_id`, `created_at`, `updated_at`) VALUES (37, 37, 'vk/e22e30ea21ac061fd49811c534b0c47c.jpg', 2308, 'Nesciunt tempore animi tempore illo adipisci. Autem distinctio dignissimos sed ipsam. Rerum dolores facilis eveniet voluptas ut velit. Quo dolor iure ut reprehenderit non blanditiis.', 7, '1977-09-01 11:24:50', '1972-07-11 04:49:47');
INSERT INTO `media` (`id`, `user_id`, `filename`, `size`, `metadata`, `media_type_id`, `created_at`, `updated_at`) VALUES (38, 38, 'vk/95fdca50bfc8137d1110f2534d375451.jpg', 26545, 'Repellat quidem quisquam aut ut occaecati hic maiores. Enim voluptatem consequatur eos enim. Error ea dolores in nobis esse enim nobis velit.', 8, '2003-04-23 14:36:00', '1985-04-11 22:12:34');
INSERT INTO `media` (`id`, `user_id`, `filename`, `size`, `metadata`, `media_type_id`, `created_at`, `updated_at`) VALUES (39, 39, 'vk/939502bf05d77d3a09db004ea2a9c5c0.jpg', 9434, 'Eius sapiente est beatae. Optio aut voluptates recusandae quia. Excepturi omnis commodi consectetur dolorem repellat. Quam incidunt ipsam aut.', 9, '2016-06-18 03:15:33', '1989-05-15 04:27:13');
INSERT INTO `media` (`id`, `user_id`, `filename`, `size`, `metadata`, `media_type_id`, `created_at`, `updated_at`) VALUES (40, 40, 'vk/1671a122d7dd070bbfcac2151d505ccb.jpg', 5083, 'Autem dicta error nihil porro deleniti pariatur ut laboriosam. Nam debitis dolorem pariatur officiis et. Aut modi animi nobis atque. Accusantium deserunt voluptatem autem.', 10, '2007-09-14 19:03:35', '1997-12-29 15:13:48');
INSERT INTO `media` (`id`, `user_id`, `filename`, `size`, `metadata`, `media_type_id`, `created_at`, `updated_at`) VALUES (41, 41, 'vk/323c8a52efdd6581fca74ee05ea8a144.jpg', 10026, 'Ut magnam repellendus et sit ipsam. Non consequatur adipisci ut totam sit delectus nihil. Nostrum nostrum eius corporis totam totam autem tempora.', 11, '2018-12-22 13:08:26', '1983-02-14 22:59:40');
INSERT INTO `media` (`id`, `user_id`, `filename`, `size`, `metadata`, `media_type_id`, `created_at`, `updated_at`) VALUES (42, 42, 'vk/c1f8a3e3590b05cd01d88961d983c089.jpg', 31734, 'Est velit tempora tempora sit. Et placeat sit mollitia esse qui repellat delectus. Maxime voluptatem in ut iusto soluta. At natus aut accusamus quibusdam qui voluptates.', 12, '2001-02-19 12:43:13', '1999-04-29 07:37:40');
INSERT INTO `media` (`id`, `user_id`, `filename`, `size`, `metadata`, `media_type_id`, `created_at`, `updated_at`) VALUES (43, 43, 'vk/6c91a4c3d1057246f3cfc2df3ff468e2.jpg', 7078, 'Dolores earum exercitationem laboriosam cum. Tenetur soluta dolor voluptate accusantium est. Harum est fugiat a. Voluptatem assumenda doloremque non quia.', 13, '2016-07-06 15:52:30', '1981-09-30 21:06:59');
INSERT INTO `media` (`id`, `user_id`, `filename`, `size`, `metadata`, `media_type_id`, `created_at`, `updated_at`) VALUES (44, 44, 'vk/c8df2f73721dab85f918ea45e2aba734.jpg', 762, 'Quidem tempore temporibus rem accusamus qui. Soluta aut vero vitae sit amet unde accusamus. Numquam id perspiciatis eum. Illum et at perspiciatis ullam aperiam fuga quos.', 14, '1979-01-30 14:42:31', '1974-09-19 02:50:18');
INSERT INTO `media` (`id`, `user_id`, `filename`, `size`, `metadata`, `media_type_id`, `created_at`, `updated_at`) VALUES (45, 45, 'vk/52cfe3d9b22401b5683ae631bdef5d73.jpg', 26229, 'Unde tempore recusandae architecto est eos fugiat eaque. Expedita quas ad quod non beatae dolor. Natus aut aperiam molestiae facere.', 15, '1999-07-11 01:18:34', '2012-12-24 15:25:23');
INSERT INTO `media` (`id`, `user_id`, `filename`, `size`, `metadata`, `media_type_id`, `created_at`, `updated_at`) VALUES (46, 46, 'vk/2cf28d3d73b9a7d2c777324cf775adb2.jpg', 4975, 'Ea odio voluptas nihil sint aperiam. Perspiciatis ut ut consequuntur at suscipit dolor. Dolorum delectus temporibus omnis sint dolore quod. Soluta sed nam voluptas quam natus.', 1, '1998-02-08 19:46:25', '1973-04-09 05:57:20');
INSERT INTO `media` (`id`, `user_id`, `filename`, `size`, `metadata`, `media_type_id`, `created_at`, `updated_at`) VALUES (47, 47, 'vk/00496e331693887a86d2c2bb591cd2cf.jpg', 10787, 'Possimus magni molestiae sed porro quia praesentium atque. Quam et nesciunt sunt nihil. Non eligendi omnis unde nemo ab. Adipisci vel dolore vero modi ipsam ullam.', 2, '1981-12-08 06:39:32', '2014-03-22 19:31:08');
INSERT INTO `media` (`id`, `user_id`, `filename`, `size`, `metadata`, `media_type_id`, `created_at`, `updated_at`) VALUES (48, 48, 'vk/2da03611dcd5a17fdb7232e1c8bd5f66.jpg', 9826, 'Ut quibusdam molestias qui non quia. Facere qui fugit beatae.', 3, '1970-02-02 18:47:25', '2002-01-11 22:44:52');
INSERT INTO `media` (`id`, `user_id`, `filename`, `size`, `metadata`, `media_type_id`, `created_at`, `updated_at`) VALUES (49, 49, 'vk/6f516597cd1e6d7f3ad7be00a04e7316.jpg', 18755, 'Doloribus dolores at occaecati fugiat at adipisci totam. Tempore tenetur ad officia quos. Voluptatem reiciendis sit nam porro harum ratione. Quam delectus qui dolor veniam quia quia.', 4, '2004-05-13 14:32:08', '2003-11-30 10:38:17');
INSERT INTO `media` (`id`, `user_id`, `filename`, `size`, `metadata`, `media_type_id`, `created_at`, `updated_at`) VALUES (50, 50, 'vk/4eb627696365d82bee66066682e2827b.jpg', 20671, 'Excepturi eius a enim quia dolor aliquid animi perspiciatis. Quia sint ab iste. Neque accusamus iste est et est.', 5, '1977-03-16 10:52:15', '1987-12-07 03:35:41');
INSERT INTO `media` (`id`, `user_id`, `filename`, `size`, `metadata`, `media_type_id`, `created_at`, `updated_at`) VALUES (51, 51, 'vk/9e75ec5024152543d7d3eaeaf09cdfb0.jpg', 30889, 'Laboriosam quia est sunt. Impedit quis asperiores minima minus veniam. Praesentium impedit harum consequatur illum quia eos accusamus. Maxime aut maxime sint voluptas vitae.', 6, '1997-05-28 20:00:11', '1977-04-21 18:11:31');
INSERT INTO `media` (`id`, `user_id`, `filename`, `size`, `metadata`, `media_type_id`, `created_at`, `updated_at`) VALUES (52, 52, 'vk/cb8d238aadbf3543c99dc86002389497.jpg', 33972, 'Atque saepe dolor praesentium exercitationem rem. Quam quod qui voluptas ea sequi magnam. Dicta ducimus incidunt dolore in neque sed. Ipsam nostrum consectetur veniam similique.', 7, '2007-05-13 02:49:14', '1985-04-18 09:16:21');
INSERT INTO `media` (`id`, `user_id`, `filename`, `size`, `metadata`, `media_type_id`, `created_at`, `updated_at`) VALUES (53, 53, 'vk/72c0f897b11c283bfa09a5b3960f2d02.jpg', 11757, 'Autem odio fugiat eaque facere suscipit impedit. Assumenda et voluptatibus ducimus autem eum laborum suscipit. Totam velit praesentium aut consequatur id sed aut.', 8, '1985-02-08 23:24:44', '1971-03-06 03:48:38');
INSERT INTO `media` (`id`, `user_id`, `filename`, `size`, `metadata`, `media_type_id`, `created_at`, `updated_at`) VALUES (54, 54, 'vk/098adaebfbdb21901627f02f90a6cac8.jpg', 2825, 'Ipsam eligendi et aliquid necessitatibus praesentium ut. Commodi architecto dolorem aut eaque ut quibusdam. Labore eos fuga dolores non quo dolorum rerum. Sit vel ea ratione consectetur.', 9, '1982-08-18 05:46:23', '1978-10-01 22:10:02');
INSERT INTO `media` (`id`, `user_id`, `filename`, `size`, `metadata`, `media_type_id`, `created_at`, `updated_at`) VALUES (55, 55, 'vk/36dc3e3a93e7d4220f89dc30bdcc03b4.jpg', 9049, 'Harum tenetur dolores quia dolores et voluptas nulla quae. Perferendis possimus est architecto tenetur qui. Quia sint non nihil expedita consequuntur. Omnis quia sit quisquam quam.', 10, '2002-11-18 16:09:33', '2017-08-22 09:54:03');
INSERT INTO `media` (`id`, `user_id`, `filename`, `size`, `metadata`, `media_type_id`, `created_at`, `updated_at`) VALUES (56, 56, 'vk/3f7b1373a72f0ae1f199fda36a45ffa3.jpg', 17408, 'Porro debitis eligendi vel vero occaecati repellat. Eum nostrum dolores cum consequatur reiciendis quo. Facilis dolorum autem nobis ut. Voluptatum rerum vel quibusdam expedita aspernatur soluta.', 11, '1997-08-03 06:15:07', '1997-07-01 03:45:34');
INSERT INTO `media` (`id`, `user_id`, `filename`, `size`, `metadata`, `media_type_id`, `created_at`, `updated_at`) VALUES (57, 57, 'vk/9679ec626935167b4aadd7878ab8cd8a.jpg', 31680, 'Sunt aliquid ducimus molestiae sit perferendis. Animi placeat tempora fugit consequatur. Ad earum assumenda ullam doloremque quaerat ut ducimus. Labore recusandae est sit ut omnis qui.', 12, '2015-12-13 21:27:25', '1995-01-18 21:01:10');
INSERT INTO `media` (`id`, `user_id`, `filename`, `size`, `metadata`, `media_type_id`, `created_at`, `updated_at`) VALUES (58, 58, 'vk/33a6375a81ff812f208519a19b91173a.jpg', 25687, 'Nisi consequuntur numquam delectus inventore nisi. Autem blanditiis maiores delectus sed maxime. Quod magnam soluta ut sunt provident. Qui illum ab magni atque.', 13, '2008-03-17 17:08:46', '1994-07-09 14:10:02');
INSERT INTO `media` (`id`, `user_id`, `filename`, `size`, `metadata`, `media_type_id`, `created_at`, `updated_at`) VALUES (59, 59, 'vk/f599619037e0e9f2e0133193003f70a4.jpg', 33264, 'Minima quos minima delectus. Dolorem praesentium fugiat rerum non temporibus omnis. Esse consectetur veritatis iste eos ut commodi. Praesentium et reprehenderit inventore ex error.', 14, '1982-07-28 11:48:47', '2008-04-23 05:16:30');
INSERT INTO `media` (`id`, `user_id`, `filename`, `size`, `metadata`, `media_type_id`, `created_at`, `updated_at`) VALUES (60, 60, 'vk/def6c4749dc17cdc5d4307d49ab1133b.jpg', 18207, 'Reiciendis quo et voluptate iste quibusdam. Recusandae dolor reprehenderit maxime iure autem. Aut est animi sed. Rerum ut consequatur vero harum omnis.', 15, '2016-09-17 09:09:28', '1978-11-29 18:15:34');
INSERT INTO `media` (`id`, `user_id`, `filename`, `size`, `metadata`, `media_type_id`, `created_at`, `updated_at`) VALUES (61, 61, 'vk/12e42015282113219906952488630e22.jpg', 13534, 'Nobis pariatur sed qui dicta eligendi. Voluptatem fuga in ullam amet. Quis possimus facere rerum consequatur exercitationem sunt quo.', 1, '1970-05-04 22:16:05', '2019-11-20 00:15:01');
INSERT INTO `media` (`id`, `user_id`, `filename`, `size`, `metadata`, `media_type_id`, `created_at`, `updated_at`) VALUES (62, 62, 'vk/9f654583c54a45b14e1932a9587a6902.jpg', 26287, 'Qui veritatis repellat commodi est. Ut aut eum temporibus rerum voluptatem omnis ut. Quis eum sint qui vero voluptate.', 2, '2009-11-06 23:57:03', '1983-01-17 23:06:32');
INSERT INTO `media` (`id`, `user_id`, `filename`, `size`, `metadata`, `media_type_id`, `created_at`, `updated_at`) VALUES (63, 63, 'vk/c525612c64821b60dc92128df99f551d.jpg', 18032, 'Sit ea facere rerum. Sapiente sunt quidem non vel reprehenderit esse. Dolor dignissimos qui corporis perspiciatis ratione. Est autem tenetur quo inventore repellendus.', 3, '2002-04-18 19:55:22', '1975-09-23 05:31:22');
INSERT INTO `media` (`id`, `user_id`, `filename`, `size`, `metadata`, `media_type_id`, `created_at`, `updated_at`) VALUES (64, 64, 'vk/65203a6e7cef5c17c6dc58c2b7d7519e.jpg', 25946, 'Fugiat aut maiores sed quia neque. Culpa natus architecto sit ipsa consequatur vel maxime. Qui est ut eaque nihil officia cupiditate veritatis.', 4, '2011-09-23 18:43:06', '1985-01-07 12:06:58');
INSERT INTO `media` (`id`, `user_id`, `filename`, `size`, `metadata`, `media_type_id`, `created_at`, `updated_at`) VALUES (65, 65, 'vk/aa31f978ee966446064f8fd40b15221f.jpg', 8321, 'Voluptas quia vel veniam nemo. Ipsa dolor rerum illum vel sunt. Est qui vel ea consequatur omnis ut qui esse. Quam explicabo dolorum illo iure ea.', 5, '1991-08-08 08:35:02', '2000-01-30 01:08:38');
INSERT INTO `media` (`id`, `user_id`, `filename`, `size`, `metadata`, `media_type_id`, `created_at`, `updated_at`) VALUES (66, 66, 'vk/e90a2121b73938bb3294656969706e6d.jpg', 25358, 'Blanditiis assumenda laudantium nam dolor. Dolor architecto doloremque id at qui aperiam. Amet accusantium alias aliquid consectetur qui omnis.', 6, '2005-06-12 18:51:07', '1972-10-06 00:56:25');
INSERT INTO `media` (`id`, `user_id`, `filename`, `size`, `metadata`, `media_type_id`, `created_at`, `updated_at`) VALUES (67, 67, 'vk/7c9f2bbc28d53961b0f8d258eb33131d.jpg', 6988, 'Similique nobis quae odio ullam deserunt. Est ipsum alias blanditiis sed voluptatem. Tempora voluptates ut id illum molestiae.', 7, '1999-08-10 03:49:40', '2008-11-18 17:22:06');
INSERT INTO `media` (`id`, `user_id`, `filename`, `size`, `metadata`, `media_type_id`, `created_at`, `updated_at`) VALUES (68, 68, 'vk/c0b691074cab3beb386e2d2fc831615a.jpg', 29952, 'Aut aliquid et eaque laborum blanditiis. Vel omnis voluptatum harum blanditiis. Necessitatibus iusto tempora dolores quod quae.', 8, '1983-08-14 10:06:01', '2002-07-26 20:16:11');
INSERT INTO `media` (`id`, `user_id`, `filename`, `size`, `metadata`, `media_type_id`, `created_at`, `updated_at`) VALUES (69, 69, 'vk/4720f006278ec75fb6870ad7a6004a87.jpg', 19974, 'Aut molestiae fuga dolores maiores voluptas maiores aut. Nam facere tempore modi quas accusantium dolores voluptas. Recusandae cum hic ea consequatur. Et enim nihil unde eum.', 9, '2007-12-22 22:13:58', '1982-05-14 21:33:12');
INSERT INTO `media` (`id`, `user_id`, `filename`, `size`, `metadata`, `media_type_id`, `created_at`, `updated_at`) VALUES (70, 70, 'vk/5a3b68a2d7e00656d038731011d8f4f1.jpg', 33273, 'Suscipit impedit est dolor beatae excepturi ut. Et itaque expedita repudiandae autem quo. Beatae repellat asperiores dolorem et quibusdam consequuntur amet quibusdam.', 10, '2017-06-03 05:15:16', '2013-03-22 16:20:21');
INSERT INTO `media` (`id`, `user_id`, `filename`, `size`, `metadata`, `media_type_id`, `created_at`, `updated_at`) VALUES (71, 71, 'vk/fdac2ef31933fbdcb4ea102205634460.jpg', 31899, 'Ad laudantium expedita odit pariatur adipisci ipsam et. Qui provident deserunt sed vel culpa aut et. Dignissimos id laborum assumenda debitis autem ullam. Velit quibusdam et repellat eveniet in.', 11, '1994-12-16 11:47:30', '1991-12-23 05:38:24');
INSERT INTO `media` (`id`, `user_id`, `filename`, `size`, `metadata`, `media_type_id`, `created_at`, `updated_at`) VALUES (72, 72, 'vk/6494670d669076bdcdbe182ab81cec05.jpg', 11241, 'Tempore dicta necessitatibus placeat qui. Ipsam quo est a est. Nihil quaerat dolor iusto praesentium error maxime dolores. Labore enim expedita itaque qui.', 12, '2017-07-06 18:56:28', '1978-08-11 00:50:56');
INSERT INTO `media` (`id`, `user_id`, `filename`, `size`, `metadata`, `media_type_id`, `created_at`, `updated_at`) VALUES (73, 73, 'vk/a17460f093d1fe976c3630f44f5d3d5a.jpg', 6691, 'Et nulla blanditiis modi et vitae pariatur. Repellat dolores odit maiores quod eveniet. Dolor provident rem beatae voluptatem ad enim.', 13, '1980-02-18 08:51:01', '2006-05-01 07:19:13');
INSERT INTO `media` (`id`, `user_id`, `filename`, `size`, `metadata`, `media_type_id`, `created_at`, `updated_at`) VALUES (74, 74, 'vk/8903a712f8b1b4470bf386ef744df579.jpg', 26972, 'Eos ad praesentium sit aut a aut necessitatibus. Recusandae recusandae qui quia consectetur. Qui ut rem non natus qui et pariatur.', 14, '2015-04-22 00:58:56', '2006-06-07 05:54:35');
INSERT INTO `media` (`id`, `user_id`, `filename`, `size`, `metadata`, `media_type_id`, `created_at`, `updated_at`) VALUES (75, 75, 'vk/5db3ac4ed6ea0dfc979a9e2b748bffa2.jpg', 33944, 'Ut voluptas saepe officia saepe. Voluptatem velit dolorum adipisci voluptatem occaecati. Nam eligendi dolor ducimus quis velit.', 15, '2005-10-14 04:07:36', '2011-07-12 09:26:11');
INSERT INTO `media` (`id`, `user_id`, `filename`, `size`, `metadata`, `media_type_id`, `created_at`, `updated_at`) VALUES (76, 76, 'vk/cfe2416aacca919cc20bd12a48daada8.jpg', 31023, 'Natus aut fugit enim non. Rerum aut nihil voluptate nam. Porro aperiam esse quis ex vitae deserunt quibusdam.', 1, '1978-12-17 02:10:53', '1971-08-30 14:39:58');
INSERT INTO `media` (`id`, `user_id`, `filename`, `size`, `metadata`, `media_type_id`, `created_at`, `updated_at`) VALUES (77, 77, 'vk/74f6beb7cc8a3ff8f4c335adfb2eac71.jpg', 9026, 'Assumenda illo cupiditate aut. Doloribus sint qui temporibus est minima ullam voluptatem quidem. Voluptatem consequatur quia a in sapiente nostrum.', 2, '2011-05-31 23:46:48', '1978-04-24 10:21:02');
INSERT INTO `media` (`id`, `user_id`, `filename`, `size`, `metadata`, `media_type_id`, `created_at`, `updated_at`) VALUES (78, 78, 'vk/13a94e3fbd8f2ae0e4297de686ba970f.jpg', 10909, 'Aut et explicabo magnam a est. Voluptates voluptatem accusamus nisi. Voluptates facere dolore rerum nobis quis et facere. Voluptas quis repellat blanditiis quis atque est dolorum.', 3, '2011-11-05 20:21:49', '1985-07-27 17:35:40');
INSERT INTO `media` (`id`, `user_id`, `filename`, `size`, `metadata`, `media_type_id`, `created_at`, `updated_at`) VALUES (79, 79, 'vk/3c8bd00a3d2cb3a2d22608f38265fde4.jpg', 11880, 'Quia ut et consequuntur neque itaque voluptate enim ratione. Consequuntur itaque autem rerum nihil voluptas quo.', 4, '2000-07-15 20:45:11', '1970-09-11 13:39:54');
INSERT INTO `media` (`id`, `user_id`, `filename`, `size`, `metadata`, `media_type_id`, `created_at`, `updated_at`) VALUES (80, 80, 'vk/0097da3fe195943f52e3d5aa16d4574d.jpg', 20093, 'Unde dolorem repudiandae voluptas sed et dicta. Est quis nesciunt ut fugiat aut rem molestiae. Est aut quibusdam ducimus corrupti et voluptas nemo.', 5, '2013-06-16 03:41:51', '2002-09-05 13:55:12');
INSERT INTO `media` (`id`, `user_id`, `filename`, `size`, `metadata`, `media_type_id`, `created_at`, `updated_at`) VALUES (81, 81, 'vk/6c5c0620ea3bde82f490745e707abea4.jpg', 22678, 'Et ut hic veniam eaque enim aspernatur a. Dolor aut esse quo nihil molestiae alias quasi magni. Vel porro neque cum quas quia. Facere sed aliquam nesciunt.', 6, '2006-04-12 04:59:48', '1970-04-16 10:10:16');
INSERT INTO `media` (`id`, `user_id`, `filename`, `size`, `metadata`, `media_type_id`, `created_at`, `updated_at`) VALUES (82, 82, 'vk/7817564cbe3d1dffcdcc95221d0e71d0.jpg', 33291, 'Reprehenderit ut ipsa adipisci illum consequatur qui aut veritatis. Fugiat iste aut et dolor qui molestias placeat. Possimus quia qui tenetur autem iure consequatur.', 7, '1983-06-26 13:59:40', '2011-07-28 20:19:16');
INSERT INTO `media` (`id`, `user_id`, `filename`, `size`, `metadata`, `media_type_id`, `created_at`, `updated_at`) VALUES (83, 83, 'vk/4ebb1f1c47f0b07a8fef76d965213a04.jpg', 12530, 'Nemo veritatis praesentium quo quidem nihil. Enim aspernatur distinctio consequatur sint iste cupiditate dolor. Saepe cupiditate sunt recusandae assumenda corrupti. Adipisci nam facere illum.', 8, '2015-07-18 02:29:17', '1971-11-09 20:48:28');
INSERT INTO `media` (`id`, `user_id`, `filename`, `size`, `metadata`, `media_type_id`, `created_at`, `updated_at`) VALUES (84, 84, 'vk/5f1d4a80dd53c57b04529e527a0c40d0.jpg', 32300, 'Nisi quis eveniet voluptatem deserunt voluptatibus officia. Dicta minima sit commodi provident. Accusantium odit non et at est facilis voluptas. Voluptas deserunt officia eius.', 9, '2014-02-24 16:37:36', '2010-01-05 09:05:11');
INSERT INTO `media` (`id`, `user_id`, `filename`, `size`, `metadata`, `media_type_id`, `created_at`, `updated_at`) VALUES (85, 85, 'vk/4954f60d3e411c679f0bbc5aa9afc842.jpg', 11919, 'Incidunt consequatur esse ea qui eveniet. Ullam hic sit dolor eveniet consequatur quae. Esse voluptatem atque et ullam. Dolorem qui cum modi.', 10, '1988-02-10 15:48:34', '1971-07-25 07:39:14');
INSERT INTO `media` (`id`, `user_id`, `filename`, `size`, `metadata`, `media_type_id`, `created_at`, `updated_at`) VALUES (86, 86, 'vk/6dd399aa6a0a898a33935f3a3cb880f9.jpg', 33133, 'Sint iure nisi a. Omnis cupiditate necessitatibus accusantium similique ab voluptatem. Autem odio minus unde quisquam et et.', 11, '1993-05-19 00:22:43', '2015-01-17 05:01:52');
INSERT INTO `media` (`id`, `user_id`, `filename`, `size`, `metadata`, `media_type_id`, `created_at`, `updated_at`) VALUES (87, 87, 'vk/eae064be841c2924deee5d6323a14335.jpg', 11202, 'Similique sint dolorum fuga occaecati sunt placeat quis. Ipsam quos est aut. Qui ullam et ipsum totam aut.', 12, '1988-05-16 15:33:46', '1994-07-02 18:46:09');
INSERT INTO `media` (`id`, `user_id`, `filename`, `size`, `metadata`, `media_type_id`, `created_at`, `updated_at`) VALUES (88, 88, 'vk/24b9c62190e8b0110ce1aae90f2fca13.jpg', 36454, 'Accusamus ipsam commodi qui nulla. Ut modi provident voluptate voluptas. Cupiditate harum vitae in nemo a harum. Eos nemo corrupti facere nihil est eum explicabo.', 13, '2002-02-03 03:23:04', '1991-08-05 17:10:42');
INSERT INTO `media` (`id`, `user_id`, `filename`, `size`, `metadata`, `media_type_id`, `created_at`, `updated_at`) VALUES (89, 89, 'vk/866d7c720d4835cc73f66188c63be587.jpg', 25995, 'Nam a sed et quo aut nobis. Minima magnam id sapiente saepe deleniti enim consectetur. Cupiditate eius et tenetur quo aut.', 14, '2011-05-10 18:27:07', '1997-10-22 11:20:07');
INSERT INTO `media` (`id`, `user_id`, `filename`, `size`, `metadata`, `media_type_id`, `created_at`, `updated_at`) VALUES (90, 90, 'vk/1bdeed601a7084297a0fb9e914853c97.jpg', 21802, 'Nesciunt perspiciatis ullam mollitia officia fugit. Molestias nesciunt non quidem quidem veritatis laboriosam. Aliquid ut ut et magni doloribus inventore.', 15, '1980-01-19 10:05:05', '1990-06-02 22:34:33');
INSERT INTO `media` (`id`, `user_id`, `filename`, `size`, `metadata`, `media_type_id`, `created_at`, `updated_at`) VALUES (91, 91, 'vk/8878a46472ed786b234d30f700eb9629.jpg', 38045, 'Vel quia iusto dolores odit accusantium ipsum ipsa. Veritatis cumque inventore sed beatae. Minima ad ullam voluptatem maxime. Ut illum consequatur repellendus aut.', 1, '2003-10-01 22:32:40', '2003-05-30 09:40:50');
INSERT INTO `media` (`id`, `user_id`, `filename`, `size`, `metadata`, `media_type_id`, `created_at`, `updated_at`) VALUES (92, 92, 'vk/00fa918a112567c0bdbd8b9237a0a4d9.jpg', 36379, 'Minima perferendis corrupti autem eveniet et consequuntur explicabo. Iusto similique aliquid consectetur odit ea deleniti laudantium. Voluptas voluptatum accusamus ea.', 2, '1981-10-06 23:50:45', '2011-04-22 08:07:55');
INSERT INTO `media` (`id`, `user_id`, `filename`, `size`, `metadata`, `media_type_id`, `created_at`, `updated_at`) VALUES (93, 93, 'vk/3b467552d64ecea56487801d9e24a34e.jpg', 6814, 'Harum est exercitationem quibusdam tempore dignissimos maxime. Sit quasi ut beatae est aut. Nemo expedita ipsa aut commodi. Aut ratione fugit aut corporis explicabo.', 3, '2003-05-04 22:05:35', '1981-03-17 09:34:15');
INSERT INTO `media` (`id`, `user_id`, `filename`, `size`, `metadata`, `media_type_id`, `created_at`, `updated_at`) VALUES (94, 94, 'vk/8dddb51753fb06b4747d34f7c6b0917a.jpg', 35063, 'Voluptas tempora sit qui aut porro ut. Aut dolor ipsam dolorum non earum sint consequatur et. Quaerat quas delectus maiores autem repellendus. Fugit blanditiis nihil minus fuga.', 4, '1977-04-27 04:45:28', '1989-07-11 09:29:37');
INSERT INTO `media` (`id`, `user_id`, `filename`, `size`, `metadata`, `media_type_id`, `created_at`, `updated_at`) VALUES (95, 95, 'vk/88f7bfa2151904152871822b297dc839.jpg', 9081, 'Deleniti consequuntur consequatur dolores dolores. Fugit natus non eos molestias. Nostrum minus quam ad officia. Voluptas esse ut maiores.', 5, '1987-11-14 05:50:39', '1977-11-08 19:49:48');
INSERT INTO `media` (`id`, `user_id`, `filename`, `size`, `metadata`, `media_type_id`, `created_at`, `updated_at`) VALUES (96, 96, 'vk/41dd6f6aba4fc651617e76fb901f90d5.jpg', 4056, 'Sit ea explicabo in non maiores. Accusamus tempora distinctio quis quibusdam. Aut labore suscipit unde dignissimos.\nModi explicabo id quas rem. Maxime aperiam quia aut.', 6, '2014-12-04 10:34:43', '2006-05-13 05:47:24');
INSERT INTO `media` (`id`, `user_id`, `filename`, `size`, `metadata`, `media_type_id`, `created_at`, `updated_at`) VALUES (97, 97, 'vk/73a5c970512259c0ed1977ef6faa666a.jpg', 8819, 'Tempore aperiam aut ut veritatis et inventore. Est saepe consequatur laudantium non. Doloremque ut eius corporis explicabo.', 7, '1970-01-02 10:27:07', '1973-01-25 19:18:53');
INSERT INTO `media` (`id`, `user_id`, `filename`, `size`, `metadata`, `media_type_id`, `created_at`, `updated_at`) VALUES (98, 98, 'vk/ce129ec79a136523785380bb32f1e89b.jpg', 22721, 'Voluptas architecto necessitatibus perspiciatis ea quod corporis. Tenetur tempore aut animi est officia. Fugiat dolorem assumenda quia facilis sit repudiandae.', 8, '2005-07-01 15:35:06', '1974-07-07 19:32:09');
INSERT INTO `media` (`id`, `user_id`, `filename`, `size`, `metadata`, `media_type_id`, `created_at`, `updated_at`) VALUES (99, 99, 'vk/dbe723d698f09ede0aa3ab31ee4c6b69.jpg', 32553, 'Aliquid aut sequi maxime. Fuga explicabo ut nostrum possimus tenetur exercitationem repellendus. Dolores qui molestias incidunt aut. Ea repellat ut voluptas eligendi praesentium nulla.', 9, '1986-07-19 13:09:45', '2020-01-20 10:10:50');
INSERT INTO `media` (`id`, `user_id`, `filename`, `size`, `metadata`, `media_type_id`, `created_at`, `updated_at`) VALUES (100, 100, 'vk/1ebad047568f283b329545373b34c444.jpg', 17577, 'Ipsam distinctio aut provident ut consequatur aut aut alias. Voluptatem voluptatibus est reiciendis voluptatem. Reiciendis eveniet sit ab voluptatum. Id facere doloribus consequatur rerum cum eum.', 10, '1981-07-19 17:22:57', '2014-10-14 04:20:11');


#
# TABLE STRUCTURE FOR: media_types
#

DROP TABLE IF EXISTS `media_types`;

CREATE TABLE `media_types` (
  `id` int(10) unsigned NOT NULL AUTO_INCREMENT COMMENT 'Идентификатор строки',
  `name` varchar(255) COLLATE utf8_unicode_ci NOT NULL COMMENT 'Название типа',
  `created_at` datetime DEFAULT current_timestamp() COMMENT 'Время создания строки',
  `updated_at` datetime DEFAULT current_timestamp() ON UPDATE current_timestamp() COMMENT 'Время обновления строки',
  PRIMARY KEY (`id`),
  UNIQUE KEY `name` (`name`)
) ENGINE=InnoDB AUTO_INCREMENT=16 DEFAULT CHARSET=utf8 COLLATE=utf8_unicode_ci COMMENT='Типы медиафайлов';

INSERT INTO `media_types` (`id`, `name`, `created_at`, `updated_at`) VALUES (1, 'application/vnd.kinar', '1970-03-09 05:43:16', '2006-07-06 03:36:47');
INSERT INTO `media_types` (`id`, `name`, `created_at`, `updated_at`) VALUES (2, 'application/vnd.adobe.air-application-installer-package+zip', '2018-09-04 14:29:25', '2005-01-07 09:43:03');
INSERT INTO `media_types` (`id`, `name`, `created_at`, `updated_at`) VALUES (3, 'application/xspf+xml', '1998-03-27 16:03:55', '1971-12-07 19:24:11');
INSERT INTO `media_types` (`id`, `name`, `created_at`, `updated_at`) VALUES (4, 'application/vnd.sun.xml.impress.template', '1998-03-30 17:59:58', '1987-02-22 11:24:17');
INSERT INTO `media_types` (`id`, `name`, `created_at`, `updated_at`) VALUES (5, 'application/vnd.ahead.space', '1983-07-11 01:15:02', '1994-03-27 10:57:19');
INSERT INTO `media_types` (`id`, `name`, `created_at`, `updated_at`) VALUES (6, 'application/xv+xml', '1975-07-31 00:21:18', '1992-12-28 16:22:08');
INSERT INTO `media_types` (`id`, `name`, `created_at`, `updated_at`) VALUES (7, 'application/x-msclip', '2009-10-15 06:46:22', '1997-11-04 10:52:24');
INSERT INTO `media_types` (`id`, `name`, `created_at`, `updated_at`) VALUES (8, 'video/x-msvideo', '1972-11-21 06:28:04', '1973-12-25 03:26:01');
INSERT INTO `media_types` (`id`, `name`, `created_at`, `updated_at`) VALUES (9, 'video/ogg', '1994-12-27 00:22:11', '1978-07-15 21:27:12');
INSERT INTO `media_types` (`id`, `name`, `created_at`, `updated_at`) VALUES (10, 'application/vnd.dna', '1985-11-11 08:22:41', '1988-05-21 10:38:19');
INSERT INTO `media_types` (`id`, `name`, `created_at`, `updated_at`) VALUES (11, 'application/javascript', '2020-06-26 00:39:29', '1973-04-06 14:10:50');
INSERT INTO `media_types` (`id`, `name`, `created_at`, `updated_at`) VALUES (12, 'application/rdf+xml', '2016-08-06 03:55:20', '1991-06-02 21:38:21');
INSERT INTO `media_types` (`id`, `name`, `created_at`, `updated_at`) VALUES (13, 'application/vnd.oasis.opendocument.image-template', '2005-02-02 06:46:33', '1974-08-16 09:35:43');
INSERT INTO `media_types` (`id`, `name`, `created_at`, `updated_at`) VALUES (14, 'application/vnd.kidspiration', '1973-01-07 06:54:21', '1998-02-24 10:54:35');
INSERT INTO `media_types` (`id`, `name`, `created_at`, `updated_at`) VALUES (15, 'image/x-mrsid-image', '2008-08-01 18:41:32', '1998-07-28 16:45:09');


#
# TABLE STRUCTURE FOR: messages
#

DROP TABLE IF EXISTS `messages`;

CREATE TABLE `messages` (
  `id` int(10) unsigned NOT NULL AUTO_INCREMENT COMMENT 'Идентификатор строки',
  `from_user_id` int(10) unsigned NOT NULL COMMENT 'Ссылка на отправителя сообщения',
  `to_user_id` int(10) unsigned NOT NULL COMMENT 'Ссылка на получателя сообщения',
  `body` text COLLATE utf8_unicode_ci NOT NULL COMMENT 'Текст сообщения',
  `is_important` tinyint(1) DEFAULT NULL COMMENT 'Признак важности',
  `is_delivered` tinyint(1) DEFAULT NULL COMMENT 'Признак доставки',
  `created_at` datetime DEFAULT current_timestamp() COMMENT 'Время создания строки',
  `updated_at` datetime DEFAULT current_timestamp() ON UPDATE current_timestamp() COMMENT 'Время обновления строки',
  PRIMARY KEY (`id`)
) ENGINE=InnoDB AUTO_INCREMENT=201 DEFAULT CHARSET=utf8 COLLATE=utf8_unicode_ci COMMENT='Сообщения';

INSERT INTO `messages` (`id`, `from_user_id`, `to_user_id`, `body`, `is_important`, `is_delivered`, `created_at`, `updated_at`) VALUES (1, 1, 53, 'Porro odio eum ratione. Quo id animi quas voluptas eum odio. Accusamus quia molestias nesciunt aut nemo quod. Ut modi quas ut tempore.', 0, 1, '1996-04-04 16:46:11', '2007-08-20 01:36:47');
INSERT INTO `messages` (`id`, `from_user_id`, `to_user_id`, `body`, `is_important`, `is_delivered`, `created_at`, `updated_at`) VALUES (2, 2, 83, 'Est commodi laudantium quia officia eligendi esse velit aperiam. Et est eligendi id exercitationem.', 1, 1, '1992-05-02 18:01:53', '1998-11-15 00:32:53');
INSERT INTO `messages` (`id`, `from_user_id`, `to_user_id`, `body`, `is_important`, `is_delivered`, `created_at`, `updated_at`) VALUES (3, 3, 19, 'Unde saepe laudantium iusto sint dolorem culpa sapiente. Hic culpa corrupti quo quam esse. Porro recusandae in quas quaerat quia.', 1, 1, '2007-10-10 03:53:05', '2020-08-23 04:10:13');
INSERT INTO `messages` (`id`, `from_user_id`, `to_user_id`, `body`, `is_important`, `is_delivered`, `created_at`, `updated_at`) VALUES (4, 4, 75, 'Tempora nihil rerum ab eius. Minima officia nobis sit aliquid unde placeat modi. Aut consequatur voluptate quam occaecati vero autem dolorem deserunt. Aut aliquam maxime repellendus dolorum molestiae natus.', 0, 0, '2015-06-10 22:15:34', '2015-05-20 23:31:38');
INSERT INTO `messages` (`id`, `from_user_id`, `to_user_id`, `body`, `is_important`, `is_delivered`, `created_at`, `updated_at`) VALUES (5, 5, 47, 'Rem libero dolorum ratione. Ipsa ipsa adipisci eos omnis laboriosam quasi dolores. Quidem temporibus perspiciatis omnis adipisci. Amet porro non nisi. Qui ea illum minus.', 1, 1, '2005-03-15 06:28:37', '2013-09-14 20:42:49');
INSERT INTO `messages` (`id`, `from_user_id`, `to_user_id`, `body`, `is_important`, `is_delivered`, `created_at`, `updated_at`) VALUES (6, 6, 26, 'Repudiandae quo tenetur autem. Cupiditate quis sint fugiat sit. Molestias ut eius laborum occaecati sed eligendi. Dolorem voluptatum dolor et omnis ut rerum error labore.', 1, 1, '1986-04-03 11:42:22', '1980-09-19 14:36:34');
INSERT INTO `messages` (`id`, `from_user_id`, `to_user_id`, `body`, `is_important`, `is_delivered`, `created_at`, `updated_at`) VALUES (7, 7, 88, 'Nihil laudantium dolorem veritatis laboriosam voluptates debitis. Voluptatum nihil voluptates illum doloremque a hic. Consectetur quia ipsum sed odio explicabo maiores ex non. Deleniti aspernatur consequatur nam asperiores sunt vel architecto.', 0, 0, '2003-02-24 04:00:07', '1980-07-27 21:46:49');
INSERT INTO `messages` (`id`, `from_user_id`, `to_user_id`, `body`, `is_important`, `is_delivered`, `created_at`, `updated_at`) VALUES (8, 8, 81, 'Nesciunt reprehenderit blanditiis sequi autem fuga. Aut officiis quia non odio sunt enim perferendis. Impedit doloremque praesentium dignissimos molestias numquam. Cum alias blanditiis cupiditate dolorum nulla natus quae.', 0, 0, '2006-03-29 21:26:58', '2003-08-27 19:11:59');
INSERT INTO `messages` (`id`, `from_user_id`, `to_user_id`, `body`, `is_important`, `is_delivered`, `created_at`, `updated_at`) VALUES (9, 9, 88, 'Commodi mollitia iure nihil repellat et sunt rem. Nostrum ut a exercitationem distinctio nam corrupti.', 0, 0, '1999-11-25 07:10:03', '1998-03-01 13:32:41');
INSERT INTO `messages` (`id`, `from_user_id`, `to_user_id`, `body`, `is_important`, `is_delivered`, `created_at`, `updated_at`) VALUES (10, 10, 64, 'Architecto repellat itaque dolore deleniti molestiae. Doloremque totam minima non atque odit. Dolorum eum molestiae enim architecto laborum eos repellat.', 1, 0, '1984-07-06 02:40:32', '1983-05-11 08:28:02');
INSERT INTO `messages` (`id`, `from_user_id`, `to_user_id`, `body`, `is_important`, `is_delivered`, `created_at`, `updated_at`) VALUES (11, 11, 14, 'Nulla ex blanditiis deserunt sed sit accusamus. Qui sequi et repellat ratione et praesentium esse aut. Quos distinctio qui eos praesentium autem. Ipsam sapiente totam blanditiis eos voluptatem tenetur.', 0, 0, '2009-06-10 00:12:12', '1976-07-10 08:36:25');
INSERT INTO `messages` (`id`, `from_user_id`, `to_user_id`, `body`, `is_important`, `is_delivered`, `created_at`, `updated_at`) VALUES (12, 12, 25, 'Est voluptate aut tenetur perferendis cumque omnis quaerat. Quibusdam aspernatur repudiandae sunt corporis. Quae sunt voluptatibus et impedit. Dolorem occaecati eum culpa ea est quia.', 0, 0, '2003-06-21 02:53:21', '1997-02-24 23:12:10');
INSERT INTO `messages` (`id`, `from_user_id`, `to_user_id`, `body`, `is_important`, `is_delivered`, `created_at`, `updated_at`) VALUES (13, 13, 17, 'Quibusdam reprehenderit rerum quas enim hic. Ab consequatur reprehenderit at. Et dolor corrupti consequatur molestiae deleniti.', 1, 0, '2002-10-05 14:26:58', '1981-05-15 15:31:44');
INSERT INTO `messages` (`id`, `from_user_id`, `to_user_id`, `body`, `is_important`, `is_delivered`, `created_at`, `updated_at`) VALUES (14, 14, 47, 'Vel non architecto qui hic. Pariatur tempore maiores aut cum laudantium sapiente. Quo sit fuga laudantium nihil necessitatibus. Repudiandae eveniet ipsum qui dignissimos rerum incidunt.', 1, 1, '2015-08-23 11:55:28', '1984-10-21 09:55:16');
INSERT INTO `messages` (`id`, `from_user_id`, `to_user_id`, `body`, `is_important`, `is_delivered`, `created_at`, `updated_at`) VALUES (15, 15, 95, 'Ut error repudiandae voluptatum incidunt voluptatem sint atque id. Molestiae voluptatem eos occaecati ea.', 1, 1, '2006-05-20 02:41:02', '1998-05-21 22:03:20');
INSERT INTO `messages` (`id`, `from_user_id`, `to_user_id`, `body`, `is_important`, `is_delivered`, `created_at`, `updated_at`) VALUES (16, 16, 51, 'Laudantium vero et quidem culpa occaecati. Odit sequi ut quam ut cupiditate.', 1, 1, '2011-02-17 13:32:00', '1996-12-10 14:01:38');
INSERT INTO `messages` (`id`, `from_user_id`, `to_user_id`, `body`, `is_important`, `is_delivered`, `created_at`, `updated_at`) VALUES (17, 17, 87, 'Dolores officia et quod odit tenetur quo consequatur. Inventore id laboriosam consequuntur totam. Ipsum ipsam voluptate recusandae officia perferendis quas et. Minima dolor qui culpa veritatis et.', 1, 1, '1977-03-29 16:00:28', '1979-08-01 19:51:10');
INSERT INTO `messages` (`id`, `from_user_id`, `to_user_id`, `body`, `is_important`, `is_delivered`, `created_at`, `updated_at`) VALUES (18, 18, 59, 'Ducimus nihil eos architecto aspernatur quae. Distinctio velit illum quidem a cum nulla tempora eaque. Voluptas molestiae impedit expedita asperiores quis pariatur.', 1, 1, '1973-11-05 12:53:27', '2015-10-30 02:03:04');
INSERT INTO `messages` (`id`, `from_user_id`, `to_user_id`, `body`, `is_important`, `is_delivered`, `created_at`, `updated_at`) VALUES (19, 19, 25, 'Id facilis eius neque nulla amet quo rem. Magnam voluptatem fugiat facilis et est.', 0, 1, '2002-11-12 04:43:38', '2004-08-15 19:43:16');
INSERT INTO `messages` (`id`, `from_user_id`, `to_user_id`, `body`, `is_important`, `is_delivered`, `created_at`, `updated_at`) VALUES (20, 20, 61, 'Ut explicabo ratione at. Cum sit dignissimos et voluptas praesentium dolor. Odit rerum architecto ipsum minus nulla natus ut.', 0, 1, '2005-11-06 03:12:40', '1998-06-24 04:24:12');
INSERT INTO `messages` (`id`, `from_user_id`, `to_user_id`, `body`, `is_important`, `is_delivered`, `created_at`, `updated_at`) VALUES (21, 21, 5, 'Deserunt ipsam quaerat accusamus quia. Voluptas reprehenderit voluptatem voluptatum nesciunt quisquam. Alias omnis aut nostrum ea.', 1, 0, '1988-08-29 01:42:01', '1979-01-22 06:54:53');
INSERT INTO `messages` (`id`, `from_user_id`, `to_user_id`, `body`, `is_important`, `is_delivered`, `created_at`, `updated_at`) VALUES (22, 22, 76, 'Vel in consequatur et. Veniam ut qui ipsa architecto autem sunt. Occaecati quas odit nostrum eveniet vel inventore praesentium. Maxime adipisci dolor debitis laboriosam.', 1, 1, '1972-09-04 03:21:52', '2020-05-13 22:14:23');
INSERT INTO `messages` (`id`, `from_user_id`, `to_user_id`, `body`, `is_important`, `is_delivered`, `created_at`, `updated_at`) VALUES (23, 23, 73, 'Impedit pariatur ea debitis et quia voluptas et aperiam. Dignissimos quidem et atque necessitatibus sit qui. Rerum molestiae qui rerum id. Labore qui velit cumque saepe maiores ut facilis. Et voluptas totam architecto quis non sapiente.', 1, 0, '1990-11-01 00:59:31', '2007-04-26 14:48:37');
INSERT INTO `messages` (`id`, `from_user_id`, `to_user_id`, `body`, `is_important`, `is_delivered`, `created_at`, `updated_at`) VALUES (24, 24, 51, 'Est deleniti minima ad ab nulla et qui. Repellat dolores facere veritatis. Non facilis aspernatur dolorum deserunt temporibus consectetur.', 1, 1, '1971-10-25 19:55:22', '1981-07-24 09:44:14');
INSERT INTO `messages` (`id`, `from_user_id`, `to_user_id`, `body`, `is_important`, `is_delivered`, `created_at`, `updated_at`) VALUES (25, 25, 55, 'Saepe voluptate voluptatem non itaque quas. Quidem et voluptas quos. Corrupti suscipit expedita dolore quidem sunt.', 0, 0, '1973-07-05 18:17:27', '2014-08-29 21:07:34');
INSERT INTO `messages` (`id`, `from_user_id`, `to_user_id`, `body`, `is_important`, `is_delivered`, `created_at`, `updated_at`) VALUES (26, 26, 5, 'Quasi exercitationem fugiat quaerat dicta. Quasi ea ipsa exercitationem ut magnam est. Consectetur rerum vero quis sit modi necessitatibus.', 1, 1, '1975-05-26 16:42:54', '1985-12-03 03:29:39');
INSERT INTO `messages` (`id`, `from_user_id`, `to_user_id`, `body`, `is_important`, `is_delivered`, `created_at`, `updated_at`) VALUES (27, 27, 36, 'Explicabo ab quos voluptas at. Laborum repudiandae exercitationem et enim omnis magni. Autem aliquam praesentium doloribus.', 1, 1, '1981-08-21 23:41:37', '1974-04-26 08:01:27');
INSERT INTO `messages` (`id`, `from_user_id`, `to_user_id`, `body`, `is_important`, `is_delivered`, `created_at`, `updated_at`) VALUES (28, 28, 36, 'Eum voluptate ad minus quod. Itaque incidunt placeat eligendi. Atque molestiae a aspernatur est aut enim corporis non.', 1, 1, '2006-11-04 02:52:48', '2009-07-02 21:10:31');
INSERT INTO `messages` (`id`, `from_user_id`, `to_user_id`, `body`, `is_important`, `is_delivered`, `created_at`, `updated_at`) VALUES (29, 29, 38, 'Ut ipsum non amet perspiciatis. Nemo fugiat vel ipsa qui iure. Totam facere ut nostrum nihil.', 0, 0, '2019-10-26 10:07:00', '1974-12-27 23:13:47');
INSERT INTO `messages` (`id`, `from_user_id`, `to_user_id`, `body`, `is_important`, `is_delivered`, `created_at`, `updated_at`) VALUES (30, 30, 42, 'In sint sequi qui quod omnis. Voluptatem totam enim illum. Illum sit et dolorem non repellat. Ipsa ut atque non est cumque.', 1, 0, '1995-10-22 09:28:22', '2008-03-12 02:51:55');
INSERT INTO `messages` (`id`, `from_user_id`, `to_user_id`, `body`, `is_important`, `is_delivered`, `created_at`, `updated_at`) VALUES (31, 31, 53, 'Aut error ut quo velit aut ex illum error. Quod recusandae quae quis nesciunt. Quis adipisci occaecati corrupti.', 1, 0, '2009-07-11 10:44:25', '2003-05-26 12:11:36');
INSERT INTO `messages` (`id`, `from_user_id`, `to_user_id`, `body`, `is_important`, `is_delivered`, `created_at`, `updated_at`) VALUES (32, 32, 90, 'Occaecati alias qui aut ut facilis dignissimos earum praesentium. Est doloribus vero sint enim sit sed sint quis. Et debitis ex et tenetur. Qui minima deserunt id commodi blanditiis. Numquam enim asperiores incidunt deserunt.', 1, 0, '2019-10-14 14:19:27', '1986-06-27 15:06:22');
INSERT INTO `messages` (`id`, `from_user_id`, `to_user_id`, `body`, `is_important`, `is_delivered`, `created_at`, `updated_at`) VALUES (33, 33, 25, 'Autem accusantium quibusdam illum nihil voluptatem sit. Voluptas voluptatum quia esse quia ut voluptas veritatis. Error et in rem nihil.', 0, 0, '1993-04-16 21:54:20', '2016-06-04 05:33:19');
INSERT INTO `messages` (`id`, `from_user_id`, `to_user_id`, `body`, `is_important`, `is_delivered`, `created_at`, `updated_at`) VALUES (34, 34, 72, 'Aliquam libero ipsum ipsum dolores excepturi aut veritatis. Aut ea qui saepe saepe aspernatur excepturi qui. Inventore rem aspernatur et.', 1, 0, '1987-05-30 13:46:55', '2004-11-11 01:53:08');
INSERT INTO `messages` (`id`, `from_user_id`, `to_user_id`, `body`, `is_important`, `is_delivered`, `created_at`, `updated_at`) VALUES (35, 35, 65, 'Porro ut sit eaque voluptatem quis. Doloribus atque saepe error debitis delectus. Saepe provident sit est sed fuga iure.', 0, 1, '1991-09-17 06:45:04', '2017-11-28 11:16:59');
INSERT INTO `messages` (`id`, `from_user_id`, `to_user_id`, `body`, `is_important`, `is_delivered`, `created_at`, `updated_at`) VALUES (36, 36, 72, 'Quos voluptatem vitae eum sint. Sint accusantium unde sit possimus fuga architecto quia. Sit iusto nihil inventore nemo rem velit facere nesciunt.', 0, 1, '2011-04-19 22:08:53', '1986-05-25 05:57:12');
INSERT INTO `messages` (`id`, `from_user_id`, `to_user_id`, `body`, `is_important`, `is_delivered`, `created_at`, `updated_at`) VALUES (37, 37, 97, 'Omnis laudantium similique accusamus corrupti porro quod. Dolorem consequatur voluptas recusandae consequatur iusto saepe. Dolor et aut et dolorem quo.', 1, 0, '1974-03-27 21:38:40', '2014-06-07 08:22:56');
INSERT INTO `messages` (`id`, `from_user_id`, `to_user_id`, `body`, `is_important`, `is_delivered`, `created_at`, `updated_at`) VALUES (38, 38, 52, 'Eos et iusto voluptatem laborum quibusdam. Eius ipsum asperiores saepe et. Consequuntur quaerat ipsum eligendi qui ipsa ut. Est ut corrupti molestiae fugiat laboriosam nostrum placeat voluptatem.', 1, 0, '1984-03-01 01:32:09', '2010-10-25 22:04:00');
INSERT INTO `messages` (`id`, `from_user_id`, `to_user_id`, `body`, `is_important`, `is_delivered`, `created_at`, `updated_at`) VALUES (39, 39, 52, 'Et voluptas qui a. Maiores omnis nemo porro qui nulla et. Eos molestiae magni dolor non aspernatur accusantium doloribus ex. Debitis soluta quia nulla consequuntur quia consectetur laboriosam.', 1, 0, '1987-04-17 04:52:01', '1989-04-15 10:18:57');
INSERT INTO `messages` (`id`, `from_user_id`, `to_user_id`, `body`, `is_important`, `is_delivered`, `created_at`, `updated_at`) VALUES (40, 40, 84, 'In quia voluptate provident dolores. Laboriosam modi sit illum quaerat et aperiam tempore. Praesentium ut repudiandae sint commodi fugit maxime et. Provident corporis sapiente saepe. Sunt ab provident adipisci esse.', 0, 0, '2000-06-21 05:12:04', '2013-11-12 15:33:56');
INSERT INTO `messages` (`id`, `from_user_id`, `to_user_id`, `body`, `is_important`, `is_delivered`, `created_at`, `updated_at`) VALUES (41, 41, 16, 'Asperiores et eaque ea repudiandae. Inventore rerum sed atque minima. Quia harum amet ut doloremque vel maxime. Neque vel beatae ut laudantium labore officiis.', 0, 1, '1972-02-16 08:31:27', '2005-02-18 05:42:54');
INSERT INTO `messages` (`id`, `from_user_id`, `to_user_id`, `body`, `is_important`, `is_delivered`, `created_at`, `updated_at`) VALUES (42, 42, 65, 'Cupiditate sunt dolorem ullam dicta qui maxime incidunt corporis. Ratione et nostrum illum neque et pariatur.', 0, 1, '2004-02-20 22:18:53', '1987-01-27 21:49:39');
INSERT INTO `messages` (`id`, `from_user_id`, `to_user_id`, `body`, `is_important`, `is_delivered`, `created_at`, `updated_at`) VALUES (43, 43, 9, 'Expedita dolorem molestias dolor officia rerum rerum minima. Alias excepturi quaerat provident dolor. Sint quis et ipsam molestiae et illo libero eum. Non sit dolore vel non doloribus itaque delectus molestiae.', 1, 0, '2017-04-19 21:18:25', '1991-07-16 01:08:46');
INSERT INTO `messages` (`id`, `from_user_id`, `to_user_id`, `body`, `is_important`, `is_delivered`, `created_at`, `updated_at`) VALUES (44, 44, 32, 'Voluptate neque voluptatem quam porro. Quia ut dolore tenetur dolor nesciunt est. Est quo dolore fuga ducimus et at dolorum incidunt. Voluptatibus consequatur est quis aliquid.', 0, 1, '1975-03-17 01:34:03', '1991-03-13 16:04:36');
INSERT INTO `messages` (`id`, `from_user_id`, `to_user_id`, `body`, `is_important`, `is_delivered`, `created_at`, `updated_at`) VALUES (45, 45, 12, 'Quo neque dolores quasi tempora. Nulla non possimus at error. Laborum velit voluptatum aut veritatis. Nemo voluptatem consectetur natus ipsam odit.', 0, 0, '2000-10-27 22:22:49', '1995-06-22 21:30:17');
INSERT INTO `messages` (`id`, `from_user_id`, `to_user_id`, `body`, `is_important`, `is_delivered`, `created_at`, `updated_at`) VALUES (46, 46, 3, 'Et autem et aut eligendi quibusdam at eius. Sed hic neque consequatur totam. Voluptatem quasi totam est cumque ut sit.', 1, 0, '2000-08-10 15:17:07', '1997-01-15 07:34:16');
INSERT INTO `messages` (`id`, `from_user_id`, `to_user_id`, `body`, `is_important`, `is_delivered`, `created_at`, `updated_at`) VALUES (47, 47, 83, 'Amet nisi ipsa non adipisci. Et et nam corporis velit delectus sunt. Necessitatibus qui aut illum iste. Vero sed voluptas harum consequatur vitae est optio.', 1, 0, '2001-04-03 04:08:13', '1972-02-10 22:13:28');
INSERT INTO `messages` (`id`, `from_user_id`, `to_user_id`, `body`, `is_important`, `is_delivered`, `created_at`, `updated_at`) VALUES (48, 48, 99, 'Animi velit rerum repellat velit exercitationem veniam aut. Rerum quidem qui dolor unde. Voluptate accusamus culpa ratione consequatur et voluptatem. Iusto rerum qui natus ab reiciendis iste repellat.', 1, 0, '2015-02-18 16:12:48', '1973-07-10 00:45:23');
INSERT INTO `messages` (`id`, `from_user_id`, `to_user_id`, `body`, `is_important`, `is_delivered`, `created_at`, `updated_at`) VALUES (49, 49, 62, 'Ipsam quasi debitis qui dolores. Et dolorem odit aut non. Quasi molestiae veniam voluptas consectetur.', 0, 0, '1980-05-13 14:06:26', '1994-04-15 02:24:54');
INSERT INTO `messages` (`id`, `from_user_id`, `to_user_id`, `body`, `is_important`, `is_delivered`, `created_at`, `updated_at`) VALUES (50, 50, 7, 'Ea facere nostrum inventore ducimus dolorum. Inventore autem ut dolorem expedita dicta molestias. Quam eum quia qui impedit numquam rem sed. Minima voluptate cum velit non facere ullam nobis. Omnis qui est minus et asperiores.', 1, 0, '1993-10-16 19:00:37', '2014-10-09 11:40:04');
INSERT INTO `messages` (`id`, `from_user_id`, `to_user_id`, `body`, `is_important`, `is_delivered`, `created_at`, `updated_at`) VALUES (51, 51, 60, 'Dolore dolores non vel officiis molestiae repudiandae debitis. Est aperiam assumenda voluptatem aut nostrum. Rem eos recusandae enim ab et laborum.', 0, 1, '2019-05-04 07:25:18', '1991-03-14 03:42:18');
INSERT INTO `messages` (`id`, `from_user_id`, `to_user_id`, `body`, `is_important`, `is_delivered`, `created_at`, `updated_at`) VALUES (52, 52, 66, 'Soluta blanditiis magnam eaque eligendi ipsam ducimus. Veniam omnis quos ut quos ratione. Consequatur aspernatur asperiores voluptas vel qui ullam ipsum vel. Magni porro earum ut.', 0, 0, '1974-04-13 08:54:54', '1973-02-01 01:07:26');
INSERT INTO `messages` (`id`, `from_user_id`, `to_user_id`, `body`, `is_important`, `is_delivered`, `created_at`, `updated_at`) VALUES (53, 53, 83, 'Voluptates aut delectus ipsam aliquid at quo. Cum aut autem voluptatem esse aliquam. Ipsum iusto praesentium eos veniam tempora quia est. Id sint hic optio quis ex et earum dolorem. Et distinctio voluptas aliquid perspiciatis.', 0, 1, '1979-01-12 01:37:58', '1997-04-21 09:43:42');
INSERT INTO `messages` (`id`, `from_user_id`, `to_user_id`, `body`, `is_important`, `is_delivered`, `created_at`, `updated_at`) VALUES (54, 54, 33, 'Dolores error magnam dolorem aut incidunt. Culpa ex qui qui explicabo pariatur. Magni nesciunt tenetur voluptatem.', 1, 0, '1983-06-06 00:15:43', '1995-02-15 05:19:00');
INSERT INTO `messages` (`id`, `from_user_id`, `to_user_id`, `body`, `is_important`, `is_delivered`, `created_at`, `updated_at`) VALUES (55, 55, 17, 'Maiores error quia et mollitia veritatis non laudantium officia. Qui explicabo veritatis autem provident. Eaque doloremque sint qui dolorem earum fuga debitis.', 0, 1, '1975-11-23 04:53:59', '1976-12-01 09:02:24');
INSERT INTO `messages` (`id`, `from_user_id`, `to_user_id`, `body`, `is_important`, `is_delivered`, `created_at`, `updated_at`) VALUES (56, 56, 38, 'Debitis alias vel quos alias sunt itaque provident. Sit voluptatem provident ea minima aliquam reprehenderit reprehenderit. Eum eligendi doloremque unde cumque soluta harum vel temporibus.', 1, 1, '1978-10-11 23:04:00', '1983-09-06 21:00:48');
INSERT INTO `messages` (`id`, `from_user_id`, `to_user_id`, `body`, `is_important`, `is_delivered`, `created_at`, `updated_at`) VALUES (57, 57, 37, 'Hic atque dignissimos asperiores aut. Reiciendis consequatur pariatur totam qui praesentium consectetur. Delectus vel eum et animi molestiae et. Laudantium quia perspiciatis sed vitae eius.', 1, 0, '2016-07-15 07:17:09', '1980-04-17 13:32:38');
INSERT INTO `messages` (`id`, `from_user_id`, `to_user_id`, `body`, `is_important`, `is_delivered`, `created_at`, `updated_at`) VALUES (58, 58, 53, 'Ut animi temporibus quis aspernatur qui corporis. Ipsam est et sequi qui. Quidem aperiam molestias maxime odio sit. Velit atque quibusdam et beatae occaecati.', 0, 1, '1983-10-09 20:32:30', '1987-05-17 18:14:38');
INSERT INTO `messages` (`id`, `from_user_id`, `to_user_id`, `body`, `is_important`, `is_delivered`, `created_at`, `updated_at`) VALUES (59, 59, 73, 'Repellat consequatur esse eius aliquam temporibus autem iure. Enim quia qui libero officia. Consequuntur aliquam eum vitae id aut consequatur ab. Aut et maiores maxime quibusdam.', 0, 1, '2014-09-07 07:40:29', '1973-06-04 04:59:23');
INSERT INTO `messages` (`id`, `from_user_id`, `to_user_id`, `body`, `is_important`, `is_delivered`, `created_at`, `updated_at`) VALUES (60, 60, 75, 'Ut inventore at eligendi iusto et. Quibusdam nobis voluptate et labore consequuntur qui molestiae. Et qui ipsam id incidunt eum totam praesentium dolorem.', 0, 1, '2006-01-16 11:34:23', '2013-07-12 11:52:26');
INSERT INTO `messages` (`id`, `from_user_id`, `to_user_id`, `body`, `is_important`, `is_delivered`, `created_at`, `updated_at`) VALUES (61, 61, 95, 'Dolores qui sapiente omnis quibusdam autem iste nihil ab. Voluptas exercitationem ipsum illo. Delectus sunt aliquid autem non doloribus. Ipsa aut exercitationem ut quia.', 0, 0, '1975-01-12 12:14:42', '1973-06-15 07:02:35');
INSERT INTO `messages` (`id`, `from_user_id`, `to_user_id`, `body`, `is_important`, `is_delivered`, `created_at`, `updated_at`) VALUES (62, 62, 26, 'Ea quis earum eligendi rerum eveniet culpa. Quasi dolorem a est vitae hic labore. Sunt rerum commodi occaecati quasi. A iure voluptate porro ut reiciendis expedita aut.', 0, 0, '2016-06-25 06:02:54', '1980-11-29 08:27:31');
INSERT INTO `messages` (`id`, `from_user_id`, `to_user_id`, `body`, `is_important`, `is_delivered`, `created_at`, `updated_at`) VALUES (63, 63, 65, 'In quos officia veniam unde animi quo. Consequatur architecto assumenda impedit reprehenderit. Adipisci dolores animi non quos. Vitae nam accusantium voluptatem perferendis repellendus in. Quia velit placeat sed consectetur ducimus.', 0, 1, '1974-08-21 07:54:04', '2014-10-21 22:37:55');
INSERT INTO `messages` (`id`, `from_user_id`, `to_user_id`, `body`, `is_important`, `is_delivered`, `created_at`, `updated_at`) VALUES (64, 64, 20, 'Doloribus enim maiores atque qui laboriosam est deserunt. Velit laborum nisi et qui molestias aut voluptatum vitae. Vero a asperiores qui saepe dignissimos laborum nisi. Illo ut consequatur voluptatem officia.', 1, 1, '1984-05-02 06:32:31', '2014-09-22 12:53:40');
INSERT INTO `messages` (`id`, `from_user_id`, `to_user_id`, `body`, `is_important`, `is_delivered`, `created_at`, `updated_at`) VALUES (65, 65, 97, 'Dolorum assumenda voluptas suscipit minima. Ex sit quos quas sit consequatur. Magni qui voluptates iste non quod nemo suscipit.', 0, 1, '1993-07-15 18:55:24', '2005-10-14 21:00:20');
INSERT INTO `messages` (`id`, `from_user_id`, `to_user_id`, `body`, `is_important`, `is_delivered`, `created_at`, `updated_at`) VALUES (66, 66, 29, 'Sequi dolorem assumenda reprehenderit iste totam. Dolores dolorem eos in eos. Minus facilis molestiae quis rerum odio nulla. Dolores dignissimos aut excepturi consequatur nihil in modi. Velit mollitia quia eveniet ducimus aspernatur non mollitia.', 1, 0, '1985-11-02 09:57:00', '1979-11-26 03:38:27');
INSERT INTO `messages` (`id`, `from_user_id`, `to_user_id`, `body`, `is_important`, `is_delivered`, `created_at`, `updated_at`) VALUES (67, 67, 91, 'Saepe amet qui rerum consequatur possimus. Voluptate dolor distinctio maiores nisi sit rerum ut.', 0, 0, '2013-12-29 03:37:32', '1982-07-08 14:35:22');
INSERT INTO `messages` (`id`, `from_user_id`, `to_user_id`, `body`, `is_important`, `is_delivered`, `created_at`, `updated_at`) VALUES (68, 68, 94, 'Hic labore vel voluptatem sit expedita sint ea. Tenetur omnis quis et est deserunt minus. Unde sit similique illum. Nemo ipsam culpa dicta fugiat cumque.', 1, 1, '2008-07-06 02:44:46', '2006-02-27 02:13:39');
INSERT INTO `messages` (`id`, `from_user_id`, `to_user_id`, `body`, `is_important`, `is_delivered`, `created_at`, `updated_at`) VALUES (69, 69, 80, 'Id quia molestias laudantium. Expedita inventore unde odit iure modi magnam soluta. Assumenda aliquam recusandae laborum veritatis voluptatem inventore. Et id veniam atque quia quia quae et dolore.', 0, 1, '2008-06-15 08:09:20', '2015-05-19 14:45:36');
INSERT INTO `messages` (`id`, `from_user_id`, `to_user_id`, `body`, `is_important`, `is_delivered`, `created_at`, `updated_at`) VALUES (70, 70, 43, 'Temporibus aut omnis nam. Cumque est et repellat quaerat laborum. Non neque deserunt accusantium qui corrupti assumenda. Voluptatem cupiditate fugiat corrupti voluptatem explicabo incidunt dolor autem.', 1, 0, '2016-04-16 05:04:42', '1985-08-22 15:26:35');
INSERT INTO `messages` (`id`, `from_user_id`, `to_user_id`, `body`, `is_important`, `is_delivered`, `created_at`, `updated_at`) VALUES (71, 71, 78, 'Consequatur illum cumque iusto illum corrupti voluptate quis. Officiis eos ut labore illo quisquam enim atque.', 0, 0, '1989-11-01 08:05:25', '2004-11-24 09:39:45');
INSERT INTO `messages` (`id`, `from_user_id`, `to_user_id`, `body`, `is_important`, `is_delivered`, `created_at`, `updated_at`) VALUES (72, 72, 95, 'Velit adipisci qui vel quia error consequatur deleniti. Vel fuga amet numquam rerum autem doloribus error. Facilis a eveniet corrupti. Et quia dolorem dolorem est numquam.', 1, 1, '1999-06-10 09:45:07', '1997-03-16 04:01:36');
INSERT INTO `messages` (`id`, `from_user_id`, `to_user_id`, `body`, `is_important`, `is_delivered`, `created_at`, `updated_at`) VALUES (73, 73, 8, 'Quam laboriosam voluptas sint recusandae. Sed maiores voluptates occaecati. Perferendis ut eos ipsa. Eaque deserunt eum quaerat saepe.', 0, 1, '2006-04-02 19:48:17', '1988-05-30 19:19:13');
INSERT INTO `messages` (`id`, `from_user_id`, `to_user_id`, `body`, `is_important`, `is_delivered`, `created_at`, `updated_at`) VALUES (74, 74, 86, 'Aut eligendi quas et. Dicta facilis odio quos nihil soluta asperiores. Asperiores sunt nemo eveniet. Ipsum veniam laboriosam mollitia. Dicta quisquam facere hic voluptatem eum.', 1, 1, '2013-04-08 21:07:12', '1989-11-29 01:37:10');
INSERT INTO `messages` (`id`, `from_user_id`, `to_user_id`, `body`, `is_important`, `is_delivered`, `created_at`, `updated_at`) VALUES (75, 75, 27, 'Rerum deleniti repudiandae aut id incidunt earum. Commodi animi esse officia cum hic optio dolorem. Unde qui eaque vero dicta rerum. Aut quis qui voluptatibus enim.', 1, 1, '2004-06-24 18:32:50', '1979-08-05 12:36:08');
INSERT INTO `messages` (`id`, `from_user_id`, `to_user_id`, `body`, `is_important`, `is_delivered`, `created_at`, `updated_at`) VALUES (76, 76, 19, 'Accusamus consectetur et et delectus. Labore libero ad aut quia voluptatem. Fugiat ut corrupti autem voluptatem. Odio fugiat deserunt at dolores perferendis ad.', 0, 1, '2014-08-12 00:20:26', '1981-01-28 02:26:59');
INSERT INTO `messages` (`id`, `from_user_id`, `to_user_id`, `body`, `is_important`, `is_delivered`, `created_at`, `updated_at`) VALUES (77, 77, 89, 'Laborum labore asperiores nihil impedit. Ut illum numquam suscipit similique nam excepturi et. Vero a deleniti incidunt dolor nisi. Quidem delectus repellat qui nobis qui.', 0, 0, '2019-08-03 19:11:19', '2002-01-23 19:52:45');
INSERT INTO `messages` (`id`, `from_user_id`, `to_user_id`, `body`, `is_important`, `is_delivered`, `created_at`, `updated_at`) VALUES (78, 78, 9, 'Dolores necessitatibus est adipisci velit sit nulla. Qui sed soluta id rerum et minus dolores. Ab qui illum ipsa beatae consequatur rerum dignissimos dolores. Quis vel dolores est reiciendis.', 0, 0, '2019-01-06 17:03:59', '1992-07-22 01:39:54');
INSERT INTO `messages` (`id`, `from_user_id`, `to_user_id`, `body`, `is_important`, `is_delivered`, `created_at`, `updated_at`) VALUES (79, 79, 18, 'Illum expedita et rerum sint. Harum voluptate quas iste voluptate qui non. Voluptate molestias animi qui sunt ad. Ea non quibusdam corporis.', 0, 0, '2017-08-11 21:48:18', '1990-12-04 04:43:26');
INSERT INTO `messages` (`id`, `from_user_id`, `to_user_id`, `body`, `is_important`, `is_delivered`, `created_at`, `updated_at`) VALUES (80, 80, 50, 'Aut et unde nihil quisquam. Id occaecati dignissimos earum. Fugiat quisquam id aliquam. Eos quo eveniet ut id.', 0, 1, '2015-03-14 22:46:23', '1999-10-18 07:16:04');
INSERT INTO `messages` (`id`, `from_user_id`, `to_user_id`, `body`, `is_important`, `is_delivered`, `created_at`, `updated_at`) VALUES (81, 81, 16, 'Est aliquam quam ut doloribus accusantium. Ut magni itaque aliquam aliquam cumque aut nisi. Molestiae voluptas quo voluptatem nobis quia cum. Omnis ut perspiciatis natus asperiores eius.', 1, 0, '1984-06-05 13:56:27', '1984-06-15 06:58:23');
INSERT INTO `messages` (`id`, `from_user_id`, `to_user_id`, `body`, `is_important`, `is_delivered`, `created_at`, `updated_at`) VALUES (82, 82, 77, 'Culpa est nisi fuga quam aspernatur autem ad occaecati. Qui quod ipsum quis minus quasi. Alias reprehenderit corporis illo expedita officiis ea sint.', 1, 0, '1999-10-13 14:56:44', '1995-01-16 11:51:11');
INSERT INTO `messages` (`id`, `from_user_id`, `to_user_id`, `body`, `is_important`, `is_delivered`, `created_at`, `updated_at`) VALUES (83, 83, 16, 'Nam tempore eum facilis et. Sint eos autem ab cupiditate. Sunt ut sit molestiae voluptatibus. Ad ratione hic eum quod.', 0, 0, '1974-01-19 16:31:58', '1990-07-05 08:32:56');
INSERT INTO `messages` (`id`, `from_user_id`, `to_user_id`, `body`, `is_important`, `is_delivered`, `created_at`, `updated_at`) VALUES (84, 84, 98, 'Qui iusto recusandae aut eum dolores suscipit. Libero necessitatibus qui distinctio eius aut. Quas atque ut aut minima. Id vero quos consequatur quia autem eum consequatur.', 1, 0, '1972-08-05 18:38:05', '1996-12-04 09:19:25');
INSERT INTO `messages` (`id`, `from_user_id`, `to_user_id`, `body`, `is_important`, `is_delivered`, `created_at`, `updated_at`) VALUES (85, 85, 9, 'Tenetur distinctio et velit occaecati vel corporis minus. Atque quis ut accusamus totam amet eos placeat.', 1, 0, '1975-07-19 10:02:29', '2002-04-22 20:43:21');
INSERT INTO `messages` (`id`, `from_user_id`, `to_user_id`, `body`, `is_important`, `is_delivered`, `created_at`, `updated_at`) VALUES (86, 86, 32, 'Quo tempore id porro aliquam. Minus dolor quidem voluptas. Accusamus molestias deleniti optio ducimus.', 1, 1, '1983-01-03 16:12:17', '2017-02-08 21:51:21');
INSERT INTO `messages` (`id`, `from_user_id`, `to_user_id`, `body`, `is_important`, `is_delivered`, `created_at`, `updated_at`) VALUES (87, 87, 36, 'Quo atque eveniet culpa aliquid tenetur dignissimos. Sapiente tempore culpa rerum repellendus voluptate. Non iure molestiae saepe quo sapiente. Unde sit expedita voluptatem blanditiis aperiam libero.', 0, 0, '2013-05-12 21:25:14', '2019-03-09 21:06:01');
INSERT INTO `messages` (`id`, `from_user_id`, `to_user_id`, `body`, `is_important`, `is_delivered`, `created_at`, `updated_at`) VALUES (88, 88, 45, 'Est et sequi odio. Natus magni illum voluptatum voluptatem molestiae veritatis reprehenderit. Consequuntur incidunt dolorum cum earum est.', 0, 0, '1985-04-12 18:04:31', '1984-04-12 01:52:38');
INSERT INTO `messages` (`id`, `from_user_id`, `to_user_id`, `body`, `is_important`, `is_delivered`, `created_at`, `updated_at`) VALUES (89, 89, 85, 'Iusto sequi doloremque tenetur similique qui molestiae perferendis. Ut doloremque numquam nihil officia iure harum nisi.', 0, 0, '1982-09-29 20:42:31', '2003-01-17 13:14:54');
INSERT INTO `messages` (`id`, `from_user_id`, `to_user_id`, `body`, `is_important`, `is_delivered`, `created_at`, `updated_at`) VALUES (90, 90, 8, 'Saepe magni aut occaecati odio sit debitis. Esse nihil explicabo consectetur earum aut odit non libero.', 1, 0, '2014-03-09 18:34:45', '2007-03-02 03:15:25');
INSERT INTO `messages` (`id`, `from_user_id`, `to_user_id`, `body`, `is_important`, `is_delivered`, `created_at`, `updated_at`) VALUES (91, 91, 20, 'Et officiis non odit sit officiis. Quo quod est quia in. Architecto dicta non tempore maxime quo quaerat. Est quo maxime expedita corporis mollitia rerum quia.', 0, 1, '1985-04-13 05:32:47', '2004-04-28 12:30:59');
INSERT INTO `messages` (`id`, `from_user_id`, `to_user_id`, `body`, `is_important`, `is_delivered`, `created_at`, `updated_at`) VALUES (92, 92, 80, 'Harum ipsa in sequi vero. Quo et hic quis. Doloremque sit quia sit. Dolorem dolorum temporibus vitae voluptates.', 1, 1, '1976-01-11 04:31:32', '1979-05-08 03:28:41');
INSERT INTO `messages` (`id`, `from_user_id`, `to_user_id`, `body`, `is_important`, `is_delivered`, `created_at`, `updated_at`) VALUES (93, 93, 34, 'Enim in aut itaque et. Qui vero consequatur dolor atque. Cum sed voluptatem enim amet. Unde labore sequi dolor. Nihil qui rerum fugit.', 1, 1, '1995-07-19 02:18:34', '1984-10-19 17:09:22');
INSERT INTO `messages` (`id`, `from_user_id`, `to_user_id`, `body`, `is_important`, `is_delivered`, `created_at`, `updated_at`) VALUES (94, 94, 84, 'Assumenda aut aliquid et sed eum est dicta. Perferendis omnis ipsa eos voluptatibus. Beatae assumenda necessitatibus quod dolores ipsa quia distinctio.', 0, 1, '2015-08-19 05:05:09', '1980-05-08 20:33:57');
INSERT INTO `messages` (`id`, `from_user_id`, `to_user_id`, `body`, `is_important`, `is_delivered`, `created_at`, `updated_at`) VALUES (95, 95, 99, 'Qui non soluta eum corrupti. Fugiat sit quis quisquam et consequatur. Aliquam reprehenderit voluptates natus atque dicta ad aut. Eum quis dolores quis quo.', 1, 0, '2000-02-23 09:20:52', '1978-12-03 20:06:03');
INSERT INTO `messages` (`id`, `from_user_id`, `to_user_id`, `body`, `is_important`, `is_delivered`, `created_at`, `updated_at`) VALUES (96, 96, 30, 'Aut fugit libero omnis et ea consequatur. Ad tenetur consequuntur a tempora quae libero numquam dolores. Omnis maiores rerum id.', 1, 1, '2003-10-02 06:52:11', '1984-03-27 03:29:41');
INSERT INTO `messages` (`id`, `from_user_id`, `to_user_id`, `body`, `is_important`, `is_delivered`, `created_at`, `updated_at`) VALUES (97, 97, 12, 'Est tenetur nisi sit a. Expedita autem enim iste et et aspernatur. Explicabo impedit sit et ea.', 0, 0, '2011-12-02 16:47:51', '2009-07-23 18:38:25');
INSERT INTO `messages` (`id`, `from_user_id`, `to_user_id`, `body`, `is_important`, `is_delivered`, `created_at`, `updated_at`) VALUES (98, 98, 90, 'Non cupiditate sit ut sit. Libero rerum eius dolores modi. Esse quidem et officiis id harum.', 0, 1, '1981-03-23 06:24:20', '1983-10-23 18:19:00');
INSERT INTO `messages` (`id`, `from_user_id`, `to_user_id`, `body`, `is_important`, `is_delivered`, `created_at`, `updated_at`) VALUES (99, 99, 24, 'Maiores non sit dicta. Nihil qui dolorem saepe porro. Ut cupiditate sunt sed id. Velit voluptas eveniet eos.', 1, 1, '1992-01-03 11:33:25', '2006-03-26 19:53:38');
INSERT INTO `messages` (`id`, `from_user_id`, `to_user_id`, `body`, `is_important`, `is_delivered`, `created_at`, `updated_at`) VALUES (100, 100, 92, 'Aspernatur corrupti est voluptatem ipsam. Eaque voluptatem rerum quod occaecati odit esse sed. Voluptatem sapiente voluptatem quisquam beatae voluptatem repellendus quis.', 1, 1, '1980-09-07 08:33:46', '2015-08-07 00:53:15');
INSERT INTO `messages` (`id`, `from_user_id`, `to_user_id`, `body`, `is_important`, `is_delivered`, `created_at`, `updated_at`) VALUES (101, 1, 32, 'Quis repellendus sit neque et quaerat voluptas. Similique assumenda voluptatem est dignissimos beatae. Reprehenderit ipsam aut voluptates et qui est quis. Vel vel magni ut quibusdam modi.', 0, 1, '1992-06-05 19:34:46', '2012-05-11 23:31:42');
INSERT INTO `messages` (`id`, `from_user_id`, `to_user_id`, `body`, `is_important`, `is_delivered`, `created_at`, `updated_at`) VALUES (102, 2, 1, 'Alias eligendi architecto non est esse nobis. Amet eos nobis est explicabo laborum illo odio. Ut vero similique eos similique.', 1, 1, '1991-05-21 19:39:50', '2003-04-07 23:43:43');
INSERT INTO `messages` (`id`, `from_user_id`, `to_user_id`, `body`, `is_important`, `is_delivered`, `created_at`, `updated_at`) VALUES (103, 3, 87, 'Quae est et quas dolorem libero qui qui qui. Cumque dolorum et quibusdam dolorem. Inventore cumque in qui sapiente incidunt quibusdam.', 1, 0, '1983-01-11 01:28:09', '1997-01-28 17:21:37');
INSERT INTO `messages` (`id`, `from_user_id`, `to_user_id`, `body`, `is_important`, `is_delivered`, `created_at`, `updated_at`) VALUES (104, 4, 39, 'Quo molestiae minima repellat voluptatum in minima. Quia praesentium distinctio ea ullam fugiat eum itaque. At quaerat repellendus qui blanditiis occaecati asperiores accusamus.', 0, 1, '2004-07-02 16:52:03', '1975-03-18 14:24:03');
INSERT INTO `messages` (`id`, `from_user_id`, `to_user_id`, `body`, `is_important`, `is_delivered`, `created_at`, `updated_at`) VALUES (105, 5, 86, 'Repellendus et odio nemo assumenda vitae repellendus. Sit voluptatem corporis enim eveniet.', 1, 1, '2007-06-01 01:42:49', '1995-09-16 20:39:26');
INSERT INTO `messages` (`id`, `from_user_id`, `to_user_id`, `body`, `is_important`, `is_delivered`, `created_at`, `updated_at`) VALUES (106, 6, 13, 'Nesciunt ipsa quisquam laborum eos. Quisquam ea dolores illum ipsum voluptates ipsa. Sint et reiciendis autem atque.', 0, 1, '2004-05-16 11:52:21', '1982-11-10 22:56:21');
INSERT INTO `messages` (`id`, `from_user_id`, `to_user_id`, `body`, `is_important`, `is_delivered`, `created_at`, `updated_at`) VALUES (107, 7, 58, 'Veniam laborum modi totam quia. Est beatae sit eligendi optio. Qui dolores sint reiciendis voluptates placeat.', 0, 1, '1990-08-31 11:00:16', '2011-05-06 04:44:10');
INSERT INTO `messages` (`id`, `from_user_id`, `to_user_id`, `body`, `is_important`, `is_delivered`, `created_at`, `updated_at`) VALUES (108, 8, 75, 'Ut quia natus similique maxime ex est. Sit cumque ea autem at ducimus expedita. Optio quae odio dolorem sunt dolor. Numquam dolor at sed doloribus quasi earum.', 0, 1, '1996-11-22 13:24:37', '1987-03-20 07:06:56');
INSERT INTO `messages` (`id`, `from_user_id`, `to_user_id`, `body`, `is_important`, `is_delivered`, `created_at`, `updated_at`) VALUES (109, 9, 21, 'Saepe voluptatem nisi consequatur ut vel. Est et libero fuga qui quae. Ut hic dolores ratione minima neque nam et.', 0, 1, '1999-07-25 16:22:52', '1986-01-21 16:02:18');
INSERT INTO `messages` (`id`, `from_user_id`, `to_user_id`, `body`, `is_important`, `is_delivered`, `created_at`, `updated_at`) VALUES (110, 10, 75, 'Quia quis ullam in aut deleniti neque. Saepe distinctio esse suscipit sed natus quis. Qui in dolores quis ullam necessitatibus vitae fugit.', 0, 1, '1981-02-25 03:21:11', '1984-09-24 08:53:46');
INSERT INTO `messages` (`id`, `from_user_id`, `to_user_id`, `body`, `is_important`, `is_delivered`, `created_at`, `updated_at`) VALUES (111, 11, 24, 'Ex praesentium beatae facilis laudantium facilis repudiandae non. Hic voluptatem error occaecati veritatis expedita. Ex sed ducimus non molestias. Quos alias ratione in.', 1, 0, '1984-08-25 02:50:03', '1991-06-03 07:36:36');
INSERT INTO `messages` (`id`, `from_user_id`, `to_user_id`, `body`, `is_important`, `is_delivered`, `created_at`, `updated_at`) VALUES (112, 12, 36, 'Qui tenetur officia commodi eos ut. Aliquid blanditiis magni qui eius ut. Harum nisi qui ut odio perspiciatis voluptas hic.', 1, 1, '1980-08-27 20:43:46', '1975-03-18 22:58:52');
INSERT INTO `messages` (`id`, `from_user_id`, `to_user_id`, `body`, `is_important`, `is_delivered`, `created_at`, `updated_at`) VALUES (113, 13, 51, 'Distinctio aut qui et et placeat velit. Qui quis tempora quae eveniet excepturi perferendis. Dicta dicta qui velit rerum pariatur dolores. Error facere incidunt soluta maxime voluptas error reprehenderit. Illum libero temporibus architecto maxime facilis.', 1, 1, '1976-01-11 08:40:02', '1991-07-05 03:02:16');
INSERT INTO `messages` (`id`, `from_user_id`, `to_user_id`, `body`, `is_important`, `is_delivered`, `created_at`, `updated_at`) VALUES (114, 14, 39, 'Suscipit adipisci qui voluptatem porro porro voluptas repellat. Ipsum dolores assumenda autem molestias maxime. Aut aut ipsa sequi ut quasi quo esse perspiciatis.', 0, 1, '1988-11-19 07:17:13', '2015-08-01 20:36:24');
INSERT INTO `messages` (`id`, `from_user_id`, `to_user_id`, `body`, `is_important`, `is_delivered`, `created_at`, `updated_at`) VALUES (115, 15, 34, 'Odio ab cumque et iure atque ut. Quia architecto sed sit sint tempora. Eos magnam dolorem aut sit. Beatae ex magni ut qui illo dolores.', 1, 0, '1976-04-21 07:44:07', '1993-07-24 07:46:57');
INSERT INTO `messages` (`id`, `from_user_id`, `to_user_id`, `body`, `is_important`, `is_delivered`, `created_at`, `updated_at`) VALUES (116, 16, 60, 'Distinctio et quia ex iusto nihil ea. Adipisci non aut nobis ipsum. Eligendi sit possimus iste est. Et quo et dolor molestiae.', 1, 0, '1989-01-05 10:24:30', '2015-08-16 23:56:38');
INSERT INTO `messages` (`id`, `from_user_id`, `to_user_id`, `body`, `is_important`, `is_delivered`, `created_at`, `updated_at`) VALUES (117, 17, 71, 'Vitae ut eos labore repellat impedit quia. Voluptate quos consequatur autem ut rerum vero inventore. Quia inventore sequi iste voluptas fuga fugiat asperiores. Suscipit sed laboriosam ut iste rerum eum.', 0, 1, '2018-10-02 04:34:52', '1976-02-24 02:43:10');
INSERT INTO `messages` (`id`, `from_user_id`, `to_user_id`, `body`, `is_important`, `is_delivered`, `created_at`, `updated_at`) VALUES (118, 18, 69, 'Quisquam cupiditate debitis natus excepturi. Quia cum esse quos fugit molestias aliquid in. Aut excepturi minus natus aut. Laudantium itaque ut nam enim iure.', 0, 0, '1999-03-01 18:34:49', '1974-01-17 21:02:19');
INSERT INTO `messages` (`id`, `from_user_id`, `to_user_id`, `body`, `is_important`, `is_delivered`, `created_at`, `updated_at`) VALUES (119, 19, 5, 'In est consequuntur et optio quibusdam soluta. Voluptatem molestiae beatae non dolorem mollitia dolores qui. Et consequuntur veritatis libero nam animi ipsam. Natus perferendis repudiandae eveniet vero. Vel iste eaque quam quaerat atque.', 1, 1, '2006-06-05 02:10:31', '1972-10-13 23:36:39');
INSERT INTO `messages` (`id`, `from_user_id`, `to_user_id`, `body`, `is_important`, `is_delivered`, `created_at`, `updated_at`) VALUES (120, 20, 56, 'Et debitis iure aut amet est voluptatem ut possimus. Omnis ut error eveniet amet alias. Sunt quos inventore id quis.', 1, 1, '2009-12-22 22:18:58', '2004-04-01 20:04:47');
INSERT INTO `messages` (`id`, `from_user_id`, `to_user_id`, `body`, `is_important`, `is_delivered`, `created_at`, `updated_at`) VALUES (121, 21, 77, 'Similique suscipit temporibus praesentium ut rem. Omnis aut totam fugiat necessitatibus veniam sunt voluptatem hic. Et quod debitis harum.', 0, 1, '2014-02-18 17:30:06', '1970-12-21 18:27:57');
INSERT INTO `messages` (`id`, `from_user_id`, `to_user_id`, `body`, `is_important`, `is_delivered`, `created_at`, `updated_at`) VALUES (122, 22, 24, 'Atque temporibus facilis numquam quia. Harum quia vel quo eius reiciendis unde tempore. Voluptate eum omnis eaque iste commodi dolores animi ut. Sed et explicabo quo aut dolores et rem. Ea et reprehenderit quibusdam qui libero in dolor.', 1, 1, '1985-04-26 00:44:08', '2011-01-25 02:37:13');
INSERT INTO `messages` (`id`, `from_user_id`, `to_user_id`, `body`, `is_important`, `is_delivered`, `created_at`, `updated_at`) VALUES (123, 23, 35, 'A quam qui veniam quasi et occaecati et numquam. Dolore assumenda sit accusantium perspiciatis tempora et.', 1, 1, '2004-05-23 19:32:15', '1972-10-28 04:16:08');
INSERT INTO `messages` (`id`, `from_user_id`, `to_user_id`, `body`, `is_important`, `is_delivered`, `created_at`, `updated_at`) VALUES (124, 24, 10, 'Unde excepturi corporis vero veritatis soluta dolores. Molestiae explicabo dolor aut consequatur qui id. Officiis id ullam voluptatem et quia eum pariatur.', 0, 0, '1970-12-18 06:41:32', '2005-06-01 13:28:06');
INSERT INTO `messages` (`id`, `from_user_id`, `to_user_id`, `body`, `is_important`, `is_delivered`, `created_at`, `updated_at`) VALUES (125, 25, 7, 'Eius qui numquam et saepe quo. Dignissimos ea ab consequatur aut odit. Esse repellendus excepturi dolor nobis qui.', 0, 1, '2016-09-24 18:06:36', '1981-08-31 07:56:00');
INSERT INTO `messages` (`id`, `from_user_id`, `to_user_id`, `body`, `is_important`, `is_delivered`, `created_at`, `updated_at`) VALUES (126, 26, 34, 'Qui aut reprehenderit rerum ipsum tenetur. Ad dolor fugiat qui qui voluptatum nobis nihil. Praesentium reiciendis error autem aut porro vero. Sequi unde nemo ad quia reiciendis voluptas repudiandae.', 1, 0, '2003-09-12 06:11:30', '2006-11-06 20:36:13');
INSERT INTO `messages` (`id`, `from_user_id`, `to_user_id`, `body`, `is_important`, `is_delivered`, `created_at`, `updated_at`) VALUES (127, 27, 40, 'Voluptatem ut ut saepe reiciendis enim. Reiciendis consequatur ea et quam. Eveniet laborum rerum in repellat cupiditate. Voluptatem tenetur qui et et. Odio est reprehenderit in impedit iusto distinctio.', 1, 1, '1971-11-10 20:23:06', '2012-03-27 21:36:10');
INSERT INTO `messages` (`id`, `from_user_id`, `to_user_id`, `body`, `is_important`, `is_delivered`, `created_at`, `updated_at`) VALUES (128, 28, 19, 'Occaecati minima dolor deserunt adipisci cupiditate voluptas cupiditate. Ut omnis saepe voluptas voluptatem. Doloribus reprehenderit harum asperiores tempore et voluptates voluptates. Recusandae voluptas molestiae id quidem iure.', 1, 1, '2002-01-04 19:25:43', '2019-06-06 04:47:12');
INSERT INTO `messages` (`id`, `from_user_id`, `to_user_id`, `body`, `is_important`, `is_delivered`, `created_at`, `updated_at`) VALUES (129, 29, 23, 'Omnis illo delectus nihil qui. Consequatur quisquam adipisci nulla consequatur iusto corporis. Suscipit incidunt atque incidunt beatae est et aut. Harum unde eum neque.', 0, 0, '2007-01-23 22:36:43', '2015-02-02 22:17:34');
INSERT INTO `messages` (`id`, `from_user_id`, `to_user_id`, `body`, `is_important`, `is_delivered`, `created_at`, `updated_at`) VALUES (130, 30, 63, 'Et et suscipit beatae nostrum molestiae quo et quos. Quia accusantium illo qui dolor id. Tempora veniam corporis dolor molestiae quae officiis. Dolore dolorem neque pariatur eligendi.', 1, 0, '1978-03-09 13:30:47', '1992-06-10 14:50:29');
INSERT INTO `messages` (`id`, `from_user_id`, `to_user_id`, `body`, `is_important`, `is_delivered`, `created_at`, `updated_at`) VALUES (131, 31, 10, 'Doloremque corporis illum veniam aut est quisquam voluptatem. Ut eligendi non ut eligendi natus. Fuga inventore eos et.', 1, 1, '2007-02-22 16:15:27', '1996-06-21 12:22:47');
INSERT INTO `messages` (`id`, `from_user_id`, `to_user_id`, `body`, `is_important`, `is_delivered`, `created_at`, `updated_at`) VALUES (132, 32, 54, 'Veritatis sequi quis nemo et aperiam alias ut. Exercitationem placeat eos id molestiae dignissimos odit ad. Et nam eligendi aspernatur magnam labore. Expedita quis vero animi impedit sunt.', 0, 0, '1982-04-23 04:39:47', '2019-10-06 05:18:16');
INSERT INTO `messages` (`id`, `from_user_id`, `to_user_id`, `body`, `is_important`, `is_delivered`, `created_at`, `updated_at`) VALUES (133, 33, 64, 'Nam eos aut corrupti error vero. Ea maxime quisquam dignissimos non. Suscipit est id consequatur. Et sequi unde quo quia.', 0, 0, '2016-06-03 13:24:32', '2009-02-13 13:06:50');
INSERT INTO `messages` (`id`, `from_user_id`, `to_user_id`, `body`, `is_important`, `is_delivered`, `created_at`, `updated_at`) VALUES (134, 34, 96, 'Possimus aut veritatis quasi et perspiciatis autem in. Velit nemo fugiat fuga quod corporis voluptas. Repudiandae voluptas aut voluptatem placeat quia facilis. Possimus saepe sit voluptates et explicabo consectetur quia. Assumenda voluptatibus delectus praesentium dolor incidunt dicta.', 0, 1, '2012-01-01 17:49:57', '1994-09-24 15:12:27');
INSERT INTO `messages` (`id`, `from_user_id`, `to_user_id`, `body`, `is_important`, `is_delivered`, `created_at`, `updated_at`) VALUES (135, 35, 93, 'Eos dolorem ea ab rerum quidem quam. Ea unde eos ea voluptatem quas praesentium deleniti alias. Soluta quaerat ea beatae.', 0, 1, '2007-04-17 19:13:52', '1991-11-01 18:57:09');
INSERT INTO `messages` (`id`, `from_user_id`, `to_user_id`, `body`, `is_important`, `is_delivered`, `created_at`, `updated_at`) VALUES (136, 36, 50, 'Est error magni eos assumenda. Natus labore et ut atque quaerat id labore. Natus totam dolor sunt aut. Culpa et itaque et.', 1, 0, '1984-11-13 19:24:46', '1973-02-23 23:47:46');
INSERT INTO `messages` (`id`, `from_user_id`, `to_user_id`, `body`, `is_important`, `is_delivered`, `created_at`, `updated_at`) VALUES (137, 37, 9, 'Perferendis iusto pariatur porro quaerat. Rem incidunt magni rem voluptas molestiae qui. Eaque harum nam aspernatur atque atque expedita.', 0, 1, '2018-07-10 17:24:04', '1971-11-28 03:23:42');
INSERT INTO `messages` (`id`, `from_user_id`, `to_user_id`, `body`, `is_important`, `is_delivered`, `created_at`, `updated_at`) VALUES (138, 38, 51, 'Qui at ab rerum eos distinctio consectetur autem. Laborum quo perspiciatis repellendus. Ut fugit qui itaque illo quas dolor. Esse delectus eveniet dolor sed odio.', 0, 1, '1989-04-18 05:24:10', '1979-09-26 00:35:30');
INSERT INTO `messages` (`id`, `from_user_id`, `to_user_id`, `body`, `is_important`, `is_delivered`, `created_at`, `updated_at`) VALUES (139, 39, 24, 'Impedit placeat soluta numquam reprehenderit. Rerum eius quia quo totam est ullam. Non minus perspiciatis vel quisquam architecto ipsum et et. Temporibus eum et reiciendis ducimus perspiciatis veritatis. Ipsam sit aliquid neque nam ducimus est.', 0, 0, '1983-12-12 06:03:24', '1985-05-24 06:07:30');
INSERT INTO `messages` (`id`, `from_user_id`, `to_user_id`, `body`, `is_important`, `is_delivered`, `created_at`, `updated_at`) VALUES (140, 40, 29, 'Iure culpa nobis aut et rerum cum voluptatem voluptatum. Ad aut accusantium ut quis magnam. Dolor repellendus consequatur voluptatum. Molestiae non sit aut mollitia consequuntur eos.', 0, 1, '1984-05-26 21:03:32', '1990-05-12 12:44:39');
INSERT INTO `messages` (`id`, `from_user_id`, `to_user_id`, `body`, `is_important`, `is_delivered`, `created_at`, `updated_at`) VALUES (141, 41, 25, 'Perferendis aut sed quaerat aut aut qui ipsum. Repudiandae impedit accusantium quibusdam sunt eos ut. Quibusdam quia ducimus mollitia inventore ut. Numquam distinctio similique asperiores corporis et. Cumque consectetur numquam animi sed qui.', 1, 0, '2013-11-25 04:13:09', '1981-01-11 12:41:58');
INSERT INTO `messages` (`id`, `from_user_id`, `to_user_id`, `body`, `is_important`, `is_delivered`, `created_at`, `updated_at`) VALUES (142, 42, 47, 'Veniam deserunt laborum nemo nemo quaerat repellendus. Accusantium animi dignissimos nisi praesentium sed. Fugiat in qui unde maiores inventore accusamus. Nam quo dolor temporibus veniam.', 1, 0, '2018-04-11 17:49:14', '1978-03-19 15:43:21');
INSERT INTO `messages` (`id`, `from_user_id`, `to_user_id`, `body`, `is_important`, `is_delivered`, `created_at`, `updated_at`) VALUES (143, 43, 64, 'Enim voluptates omnis explicabo est veritatis vero quo quia. Illo dignissimos voluptas ipsum eos nemo facere rem harum. Deleniti tenetur ducimus consequuntur suscipit et aspernatur. Veritatis ipsa alias quam.', 1, 0, '1983-10-12 11:49:26', '1980-09-13 16:25:24');
INSERT INTO `messages` (`id`, `from_user_id`, `to_user_id`, `body`, `is_important`, `is_delivered`, `created_at`, `updated_at`) VALUES (144, 44, 76, 'Et ab laudantium dicta et ut maiores vitae. Suscipit quam aspernatur nihil sed. Omnis autem quis molestiae ad et error.', 1, 1, '1977-08-07 10:46:00', '1997-09-12 09:39:21');
INSERT INTO `messages` (`id`, `from_user_id`, `to_user_id`, `body`, `is_important`, `is_delivered`, `created_at`, `updated_at`) VALUES (145, 45, 86, 'Dolor facere facere ullam earum ullam. Omnis eaque suscipit aspernatur error eligendi eum.', 1, 0, '1970-06-20 01:01:46', '1984-04-25 16:26:49');
INSERT INTO `messages` (`id`, `from_user_id`, `to_user_id`, `body`, `is_important`, `is_delivered`, `created_at`, `updated_at`) VALUES (146, 46, 97, 'Neque animi aperiam repellendus eum commodi molestiae. Eveniet est deserunt numquam fugiat quidem asperiores. Facilis quod sunt eveniet nihil adipisci laudantium aut.', 0, 0, '1999-06-01 18:29:04', '1991-02-17 06:56:54');
INSERT INTO `messages` (`id`, `from_user_id`, `to_user_id`, `body`, `is_important`, `is_delivered`, `created_at`, `updated_at`) VALUES (147, 47, 36, 'Voluptate qui unde quia tempore omnis quo similique. Doloremque laborum consequatur incidunt adipisci deserunt. Tempore molestias fugit numquam sit.', 0, 0, '2019-03-19 00:44:23', '1974-08-13 18:16:15');
INSERT INTO `messages` (`id`, `from_user_id`, `to_user_id`, `body`, `is_important`, `is_delivered`, `created_at`, `updated_at`) VALUES (148, 48, 56, 'Numquam iste qui odio dignissimos enim neque autem. Vero similique consequatur accusamus omnis et exercitationem ipsa. Adipisci et atque rerum tempore quae qui debitis. Beatae sunt nihil qui non veritatis est. Id sed est voluptas magni.', 0, 0, '1971-01-21 04:15:46', '2017-10-01 09:57:57');
INSERT INTO `messages` (`id`, `from_user_id`, `to_user_id`, `body`, `is_important`, `is_delivered`, `created_at`, `updated_at`) VALUES (149, 49, 66, 'Minima accusantium blanditiis eos et voluptatem voluptate. Natus est modi quis numquam id sint velit.', 1, 1, '1987-01-02 16:51:27', '2006-04-03 16:27:00');
INSERT INTO `messages` (`id`, `from_user_id`, `to_user_id`, `body`, `is_important`, `is_delivered`, `created_at`, `updated_at`) VALUES (150, 50, 40, 'Facere explicabo perspiciatis beatae repellendus aut quis deleniti assumenda. At molestiae et officia. Similique dicta voluptatem laborum assumenda molestias.', 0, 1, '2015-12-28 07:14:09', '1970-06-08 17:11:23');
INSERT INTO `messages` (`id`, `from_user_id`, `to_user_id`, `body`, `is_important`, `is_delivered`, `created_at`, `updated_at`) VALUES (151, 51, 11, 'Officia nihil enim accusamus sint ipsa est voluptate. Ducimus est ut repudiandae. Et qui distinctio optio assumenda. Commodi ab non modi autem.', 0, 1, '1991-07-05 11:27:11', '1974-01-28 10:40:28');
INSERT INTO `messages` (`id`, `from_user_id`, `to_user_id`, `body`, `is_important`, `is_delivered`, `created_at`, `updated_at`) VALUES (152, 52, 42, 'Et quia harum dolore aliquam quos. Impedit non voluptas quaerat odio iste consequuntur amet. Recusandae eos possimus minus officiis. Maiores magni ducimus quia.', 1, 0, '2009-02-11 10:00:59', '1998-10-02 11:00:27');
INSERT INTO `messages` (`id`, `from_user_id`, `to_user_id`, `body`, `is_important`, `is_delivered`, `created_at`, `updated_at`) VALUES (153, 53, 64, 'Reiciendis sed nobis voluptate necessitatibus non dolor eum molestias. Vitae ut illum est soluta. Dolorem sint iusto eum et saepe quos. Perspiciatis quis nihil et odit.', 1, 0, '1996-04-08 00:57:21', '2000-12-31 17:49:55');
INSERT INTO `messages` (`id`, `from_user_id`, `to_user_id`, `body`, `is_important`, `is_delivered`, `created_at`, `updated_at`) VALUES (154, 54, 46, 'Sint quos ea ut vel voluptatem laborum. Impedit praesentium rerum qui voluptas vel ipsam cumque. Accusamus atque qui hic adipisci. Reprehenderit quia placeat eligendi unde alias.', 1, 1, '1995-10-31 18:00:38', '1981-08-15 12:43:15');
INSERT INTO `messages` (`id`, `from_user_id`, `to_user_id`, `body`, `is_important`, `is_delivered`, `created_at`, `updated_at`) VALUES (155, 55, 51, 'Qui et molestiae eveniet excepturi iste. Voluptatibus omnis et odio hic. Iusto doloremque voluptatum voluptatibus fugit minima porro veritatis.', 0, 0, '2006-07-17 07:54:04', '1981-09-05 21:53:30');
INSERT INTO `messages` (`id`, `from_user_id`, `to_user_id`, `body`, `is_important`, `is_delivered`, `created_at`, `updated_at`) VALUES (156, 56, 71, 'Repellat tempora cupiditate totam esse molestiae officiis. Rerum autem quae blanditiis aut eius. Delectus dolorem error dignissimos sed earum nisi.', 1, 1, '2002-06-06 13:28:24', '1972-07-27 01:10:51');
INSERT INTO `messages` (`id`, `from_user_id`, `to_user_id`, `body`, `is_important`, `is_delivered`, `created_at`, `updated_at`) VALUES (157, 57, 79, 'Dolorum ipsa perferendis consequuntur ut aspernatur odio nulla. Id eos minima in vero veritatis blanditiis. Ea alias doloremque labore autem repellendus molestiae dolorem.', 1, 1, '2008-10-13 18:51:10', '2009-11-26 10:57:25');
INSERT INTO `messages` (`id`, `from_user_id`, `to_user_id`, `body`, `is_important`, `is_delivered`, `created_at`, `updated_at`) VALUES (158, 58, 90, 'Vitae voluptatem totam dolores sapiente. Aut voluptas quia sed. Ut molestiae aut sequi. Inventore omnis ea vero.', 0, 1, '1982-04-07 16:13:58', '1973-12-10 07:54:32');
INSERT INTO `messages` (`id`, `from_user_id`, `to_user_id`, `body`, `is_important`, `is_delivered`, `created_at`, `updated_at`) VALUES (159, 59, 89, 'Qui quia vero dolorem veniam ipsam reiciendis. Et numquam inventore quaerat nostrum atque voluptatem dolorum. Nemo et laudantium eum amet. Nisi minima modi aut.', 0, 1, '2016-06-21 11:07:54', '2020-02-26 14:50:13');
INSERT INTO `messages` (`id`, `from_user_id`, `to_user_id`, `body`, `is_important`, `is_delivered`, `created_at`, `updated_at`) VALUES (160, 60, 2, 'Qui debitis omnis facilis nam. Enim nihil ut et veniam cupiditate corporis nemo. Sed sequi temporibus cupiditate cumque pariatur.', 0, 0, '1981-10-15 20:38:49', '1987-01-30 10:53:46');
INSERT INTO `messages` (`id`, `from_user_id`, `to_user_id`, `body`, `is_important`, `is_delivered`, `created_at`, `updated_at`) VALUES (161, 61, 53, 'Saepe quas numquam eos. Aut nobis ratione dolor et ab sapiente. At ut quo praesentium temporibus explicabo. Sequi consequatur enim suscipit temporibus necessitatibus.', 1, 1, '1991-09-09 01:19:53', '1990-10-16 00:29:33');
INSERT INTO `messages` (`id`, `from_user_id`, `to_user_id`, `body`, `is_important`, `is_delivered`, `created_at`, `updated_at`) VALUES (162, 62, 99, 'Ea consequatur alias nulla eos. Animi in est ipsum in cum expedita tempore. Itaque dolorum assumenda aut illum. Maxime voluptate ipsam hic.', 0, 1, '2017-08-17 02:44:06', '1995-06-10 18:31:52');
INSERT INTO `messages` (`id`, `from_user_id`, `to_user_id`, `body`, `is_important`, `is_delivered`, `created_at`, `updated_at`) VALUES (163, 63, 56, 'Explicabo doloremque natus tenetur voluptas at tenetur et. Molestias itaque rem veniam qui nemo ut voluptatibus. Quasi doloremque odio a. Quis quisquam aut adipisci esse voluptatibus.', 1, 0, '1995-09-20 04:45:03', '2011-01-20 05:08:15');
INSERT INTO `messages` (`id`, `from_user_id`, `to_user_id`, `body`, `is_important`, `is_delivered`, `created_at`, `updated_at`) VALUES (164, 64, 16, 'Soluta blanditiis quaerat debitis non est. Amet laboriosam voluptas accusantium qui dignissimos ducimus aperiam. Recusandae expedita eligendi et dolores.', 1, 0, '1991-04-18 02:26:41', '1983-06-17 22:15:56');
INSERT INTO `messages` (`id`, `from_user_id`, `to_user_id`, `body`, `is_important`, `is_delivered`, `created_at`, `updated_at`) VALUES (165, 65, 95, 'Quasi qui quo modi harum voluptatem praesentium odio. Voluptatem enim magni explicabo aut et dolores. Qui eum voluptas est aut aut.', 1, 1, '1980-03-18 11:09:35', '2004-05-04 15:17:53');
INSERT INTO `messages` (`id`, `from_user_id`, `to_user_id`, `body`, `is_important`, `is_delivered`, `created_at`, `updated_at`) VALUES (166, 66, 48, 'Suscipit minus tempore animi ipsa vero recusandae quod commodi. Veritatis possimus ex amet quia animi iure. Cupiditate odit et quis soluta sed earum. Quia omnis nostrum voluptatum.', 1, 1, '1999-06-17 11:07:00', '2006-08-12 01:52:55');
INSERT INTO `messages` (`id`, `from_user_id`, `to_user_id`, `body`, `is_important`, `is_delivered`, `created_at`, `updated_at`) VALUES (167, 67, 66, 'Illum numquam sequi modi voluptatem. Est tempore laborum aut et cumque. Temporibus sint nihil ab excepturi. Voluptas dolores consequatur atque quo et et aut.', 0, 1, '2006-06-03 02:51:52', '2006-10-31 06:31:40');
INSERT INTO `messages` (`id`, `from_user_id`, `to_user_id`, `body`, `is_important`, `is_delivered`, `created_at`, `updated_at`) VALUES (168, 68, 3, 'Sit similique ipsam doloribus harum voluptate eos. Perspiciatis rem et nihil ut iure. Quasi qui voluptatibus voluptas unde cumque modi expedita. Sit dolorum rem natus nam eligendi incidunt officiis.', 1, 0, '2006-05-12 02:55:00', '1984-12-14 00:17:28');
INSERT INTO `messages` (`id`, `from_user_id`, `to_user_id`, `body`, `is_important`, `is_delivered`, `created_at`, `updated_at`) VALUES (169, 69, 99, 'Iusto quidem quia autem ullam aliquam. Consequatur ipsum non eius blanditiis. Dolores et error cumque aspernatur quia minima voluptas. Facilis dolorem veniam consequatur et voluptas voluptas nulla.', 1, 0, '2006-10-23 17:22:44', '1988-09-01 23:52:49');
INSERT INTO `messages` (`id`, `from_user_id`, `to_user_id`, `body`, `is_important`, `is_delivered`, `created_at`, `updated_at`) VALUES (170, 70, 89, 'Doloremque culpa rerum accusantium ea sunt consequatur. In dolorem eveniet ipsum ratione quam eum est repellat. Aut laudantium et aliquid non odio et fuga. Dolorem deleniti expedita rerum qui ut commodi voluptatem.', 0, 1, '1970-07-28 22:45:35', '2002-01-19 20:01:46');
INSERT INTO `messages` (`id`, `from_user_id`, `to_user_id`, `body`, `is_important`, `is_delivered`, `created_at`, `updated_at`) VALUES (171, 71, 31, 'Quaerat eius deserunt et sint possimus nesciunt eligendi assumenda. Fugiat aut hic laudantium rerum.', 1, 1, '2019-07-28 07:28:17', '2009-09-17 00:27:43');
INSERT INTO `messages` (`id`, `from_user_id`, `to_user_id`, `body`, `is_important`, `is_delivered`, `created_at`, `updated_at`) VALUES (172, 72, 24, 'Ipsum ipsum doloremque ipsam cumque adipisci. Nisi at et non accusamus. Incidunt perferendis est beatae nemo.', 1, 0, '2017-12-10 22:54:25', '1977-02-16 13:55:30');
INSERT INTO `messages` (`id`, `from_user_id`, `to_user_id`, `body`, `is_important`, `is_delivered`, `created_at`, `updated_at`) VALUES (173, 73, 36, 'Iure eum rerum in sed sit nisi et. Quis consequatur eligendi laboriosam sed rerum itaque reiciendis. Temporibus et non quibusdam.', 0, 0, '1999-04-04 03:49:59', '2019-04-07 17:19:23');
INSERT INTO `messages` (`id`, `from_user_id`, `to_user_id`, `body`, `is_important`, `is_delivered`, `created_at`, `updated_at`) VALUES (174, 74, 95, 'Incidunt autem eum rerum praesentium est possimus ratione. Ut sunt et eaque sapiente assumenda. Blanditiis reprehenderit sit culpa atque quos totam quis. Accusantium similique quis omnis voluptas saepe.', 1, 1, '1976-03-23 11:17:50', '1973-04-07 22:01:39');
INSERT INTO `messages` (`id`, `from_user_id`, `to_user_id`, `body`, `is_important`, `is_delivered`, `created_at`, `updated_at`) VALUES (175, 75, 99, 'Tempora similique odit omnis inventore. Quidem corrupti et est placeat at ab facilis commodi. Itaque mollitia cum cupiditate doloribus et. Deserunt facere similique placeat atque perspiciatis eligendi aut.', 1, 1, '2002-11-10 19:19:01', '1977-05-16 00:43:51');
INSERT INTO `messages` (`id`, `from_user_id`, `to_user_id`, `body`, `is_important`, `is_delivered`, `created_at`, `updated_at`) VALUES (176, 76, 21, 'In molestiae optio dicta hic. Autem atque ut nobis dignissimos delectus quibusdam. Deserunt rerum eveniet et et ut consequatur autem.', 1, 0, '2006-08-08 03:09:51', '1983-11-01 06:21:00');
INSERT INTO `messages` (`id`, `from_user_id`, `to_user_id`, `body`, `is_important`, `is_delivered`, `created_at`, `updated_at`) VALUES (177, 77, 92, 'Tempore qui voluptas et quis nam et. Consequuntur quis omnis sapiente sit necessitatibus quaerat esse. Modi nulla doloremque enim aliquam. Doloribus culpa accusantium dolores doloribus dolorum natus.', 1, 1, '1992-10-27 05:14:16', '1983-09-17 19:23:48');
INSERT INTO `messages` (`id`, `from_user_id`, `to_user_id`, `body`, `is_important`, `is_delivered`, `created_at`, `updated_at`) VALUES (178, 78, 35, 'Tenetur earum quia consequatur repellat. Laborum quas voluptas fugiat ab. Dolor eaque quos sed voluptatem hic aut. Qui unde autem nesciunt iure ea.', 1, 0, '2007-12-02 12:10:31', '2001-02-10 11:02:31');
INSERT INTO `messages` (`id`, `from_user_id`, `to_user_id`, `body`, `is_important`, `is_delivered`, `created_at`, `updated_at`) VALUES (179, 79, 77, 'Rem molestiae aliquid aut facilis aspernatur est repellendus. Earum eos distinctio accusamus in sit et perspiciatis. Esse sunt et fugit harum molestiae eius illum.', 1, 0, '1971-06-25 08:55:34', '1984-01-13 12:01:27');
INSERT INTO `messages` (`id`, `from_user_id`, `to_user_id`, `body`, `is_important`, `is_delivered`, `created_at`, `updated_at`) VALUES (180, 80, 57, 'Iste ipsum sed voluptatum quae et excepturi. Pariatur nulla quisquam aut. Minus perspiciatis aliquam consequatur maiores.', 0, 1, '1971-05-15 10:21:57', '1995-10-23 07:30:22');
INSERT INTO `messages` (`id`, `from_user_id`, `to_user_id`, `body`, `is_important`, `is_delivered`, `created_at`, `updated_at`) VALUES (181, 81, 74, 'Itaque excepturi rerum fuga inventore et. Nisi ut porro culpa corrupti labore. Numquam dolor sit excepturi ea tenetur voluptatem. Enim sed excepturi at a hic corporis officia occaecati.', 1, 0, '2020-01-16 15:15:07', '2005-10-19 08:38:55');
INSERT INTO `messages` (`id`, `from_user_id`, `to_user_id`, `body`, `is_important`, `is_delivered`, `created_at`, `updated_at`) VALUES (182, 82, 88, 'Dolore unde fuga nihil dolor consequuntur. Ea excepturi sint eius vero omnis. Odit voluptatem earum omnis optio nobis voluptatum.', 1, 1, '1996-04-02 03:10:03', '2020-02-21 07:59:05');
INSERT INTO `messages` (`id`, `from_user_id`, `to_user_id`, `body`, `is_important`, `is_delivered`, `created_at`, `updated_at`) VALUES (183, 83, 98, 'Magnam ipsum occaecati iure ad optio ea dicta. Enim dolor distinctio necessitatibus sit ipsum nobis sunt modi. Sit cumque possimus labore architecto. Aut saepe dolore cumque officiis rerum rem magnam.', 0, 0, '1976-09-05 00:48:39', '1993-10-15 15:41:47');
INSERT INTO `messages` (`id`, `from_user_id`, `to_user_id`, `body`, `is_important`, `is_delivered`, `created_at`, `updated_at`) VALUES (184, 84, 37, 'Expedita praesentium neque nihil pariatur ab enim. Vel itaque quam et placeat dolorem ipsam. Debitis labore qui officiis ad id.', 0, 1, '2006-01-07 18:37:46', '1992-02-27 20:07:54');
INSERT INTO `messages` (`id`, `from_user_id`, `to_user_id`, `body`, `is_important`, `is_delivered`, `created_at`, `updated_at`) VALUES (185, 85, 33, 'Tempore numquam inventore voluptas praesentium voluptas molestiae harum. Ut et et vel. Eius ab consequatur a aperiam et qui. Rerum impedit sequi qui unde eius quia.', 0, 1, '1988-09-24 01:24:15', '1992-10-22 02:36:45');
INSERT INTO `messages` (`id`, `from_user_id`, `to_user_id`, `body`, `is_important`, `is_delivered`, `created_at`, `updated_at`) VALUES (186, 86, 49, 'Quis eum quae optio doloribus. Consequatur voluptas dolores sit quisquam non. Commodi aut eos fugiat itaque cum.', 0, 0, '2012-03-28 23:36:28', '2004-12-05 16:06:40');
INSERT INTO `messages` (`id`, `from_user_id`, `to_user_id`, `body`, `is_important`, `is_delivered`, `created_at`, `updated_at`) VALUES (187, 87, 7, 'Quis minima reprehenderit reprehenderit. Cumque eius ex aut in ullam. Quidem aperiam et sed exercitationem aliquid blanditiis amet. Eius veritatis voluptate aperiam eum vel.', 0, 1, '1986-06-21 19:17:44', '1972-03-26 01:25:17');
INSERT INTO `messages` (`id`, `from_user_id`, `to_user_id`, `body`, `is_important`, `is_delivered`, `created_at`, `updated_at`) VALUES (188, 88, 12, 'Impedit maxime blanditiis dolorem. Dolor sit eligendi est distinctio laborum aut error. Saepe quia quia est ullam commodi.', 1, 0, '2013-08-26 14:19:43', '2005-10-27 17:30:37');
INSERT INTO `messages` (`id`, `from_user_id`, `to_user_id`, `body`, `is_important`, `is_delivered`, `created_at`, `updated_at`) VALUES (189, 89, 38, 'Et minus modi sunt autem quam. Repellendus recusandae temporibus eum et corrupti fugit. Est fugit nisi non. Optio velit odit maxime omnis est dolores. Ea sit numquam expedita quidem reprehenderit ratione modi vitae.', 0, 1, '2001-08-31 10:08:10', '1981-02-15 01:10:46');
INSERT INTO `messages` (`id`, `from_user_id`, `to_user_id`, `body`, `is_important`, `is_delivered`, `created_at`, `updated_at`) VALUES (190, 90, 96, 'Nostrum facere nesciunt consequatur neque repudiandae. Eum nemo sit delectus numquam dicta. Tenetur dignissimos quia mollitia eveniet occaecati vel est.', 1, 0, '2019-02-28 04:28:49', '2005-10-19 05:34:21');
INSERT INTO `messages` (`id`, `from_user_id`, `to_user_id`, `body`, `is_important`, `is_delivered`, `created_at`, `updated_at`) VALUES (191, 91, 13, 'Modi autem quam aut est. Reiciendis quia ipsam aliquam exercitationem quam voluptates voluptatem expedita. Aut voluptatem consectetur qui et laudantium consequatur deserunt.', 1, 1, '2001-09-15 15:23:31', '1970-01-10 13:32:28');
INSERT INTO `messages` (`id`, `from_user_id`, `to_user_id`, `body`, `is_important`, `is_delivered`, `created_at`, `updated_at`) VALUES (192, 92, 91, 'Non et maxime et quia velit quisquam. Et minus temporibus error laudantium voluptas sapiente porro. Omnis dicta et aliquid repellat atque corrupti distinctio. Ea quod neque ad in repellat repudiandae dolores.', 1, 0, '1971-12-15 09:53:10', '1971-11-20 03:57:41');
INSERT INTO `messages` (`id`, `from_user_id`, `to_user_id`, `body`, `is_important`, `is_delivered`, `created_at`, `updated_at`) VALUES (193, 93, 95, 'Nemo quos laboriosam voluptas provident quo porro sunt. Voluptate blanditiis et ut. Aut explicabo ut et quaerat est. Sed quia laudantium in.', 1, 1, '1993-01-23 05:39:24', '1992-10-19 21:50:22');
INSERT INTO `messages` (`id`, `from_user_id`, `to_user_id`, `body`, `is_important`, `is_delivered`, `created_at`, `updated_at`) VALUES (194, 94, 68, 'Id quas esse facilis dolorem enim fugiat. Velit voluptas delectus corrupti omnis. Minima est sit eius ut ut. Ea sit natus quia deserunt sit velit illo nisi.', 0, 1, '1983-08-31 03:04:10', '1988-05-17 02:57:30');
INSERT INTO `messages` (`id`, `from_user_id`, `to_user_id`, `body`, `is_important`, `is_delivered`, `created_at`, `updated_at`) VALUES (195, 95, 7, 'Id incidunt ipsam sed est officia esse dolor ea. Ut sed sunt vel accusantium pariatur ipsam fugiat. Velit et minima aut. Dicta quia voluptatem quia harum omnis ut.', 1, 0, '1995-09-05 18:47:05', '2006-05-12 23:48:37');
INSERT INTO `messages` (`id`, `from_user_id`, `to_user_id`, `body`, `is_important`, `is_delivered`, `created_at`, `updated_at`) VALUES (196, 96, 89, 'Sunt amet commodi ut fugiat a facere. Nemo rerum dolorum nobis molestiae sit quia. Reprehenderit aspernatur aperiam nostrum eligendi minima.', 1, 1, '1999-01-26 10:41:09', '2004-02-29 12:38:49');
INSERT INTO `messages` (`id`, `from_user_id`, `to_user_id`, `body`, `is_important`, `is_delivered`, `created_at`, `updated_at`) VALUES (197, 97, 16, 'Libero sunt sed iure neque. In quo necessitatibus in quasi quisquam dicta.', 0, 1, '2005-06-19 06:46:24', '2014-06-04 15:58:06');
INSERT INTO `messages` (`id`, `from_user_id`, `to_user_id`, `body`, `is_important`, `is_delivered`, `created_at`, `updated_at`) VALUES (198, 98, 72, 'Ut in cumque doloremque beatae. Rerum voluptatum perferendis assumenda. Ipsum libero beatae expedita molestiae.', 1, 0, '1971-07-11 22:28:53', '1976-11-20 08:39:21');
INSERT INTO `messages` (`id`, `from_user_id`, `to_user_id`, `body`, `is_important`, `is_delivered`, `created_at`, `updated_at`) VALUES (199, 99, 92, 'Et ut sapiente voluptatem aut. Est quas fugit rem voluptatum rerum. Laborum inventore illo nesciunt fuga cumque dolore.', 0, 1, '2017-01-29 01:03:59', '1990-04-30 07:48:40');
INSERT INTO `messages` (`id`, `from_user_id`, `to_user_id`, `body`, `is_important`, `is_delivered`, `created_at`, `updated_at`) VALUES (200, 100, 14, 'Consequuntur porro repellat corporis voluptas architecto. Expedita quidem voluptatibus dolore voluptatem ut. Et quia cum quo eos nihil tempore delectus.', 0, 1, '2020-03-02 10:12:00', '2015-09-26 03:37:04');


#
# TABLE STRUCTURE FOR: profiles
#

DROP TABLE IF EXISTS `profiles`;

CREATE TABLE `profiles` (
  `user_id` int(10) unsigned NOT NULL COMMENT 'Ссылка на пользователя',
  `gender` char(1) COLLATE utf8_unicode_ci NOT NULL COMMENT 'Пол',
  `birthday` date DEFAULT NULL COMMENT 'Дата рождения',
  `photo_id` int(10) unsigned DEFAULT NULL COMMENT 'Ссылка на основную фотографию пользователя',
  `status` varchar(30) COLLATE utf8_unicode_ci DEFAULT NULL COMMENT 'Текущий статус',
  `city` varchar(130) COLLATE utf8_unicode_ci DEFAULT NULL COMMENT 'Город проживания',
  `country` varchar(130) COLLATE utf8_unicode_ci DEFAULT NULL COMMENT 'Страна проживания',
  `created_at` datetime DEFAULT current_timestamp() COMMENT 'Время создания строки',
  `updated_at` datetime DEFAULT current_timestamp() ON UPDATE current_timestamp() COMMENT 'Время обновления строки',
  PRIMARY KEY (`user_id`)
) ENGINE=InnoDB DEFAULT CHARSET=utf8 COLLATE=utf8_unicode_ci COMMENT='Профили';

INSERT INTO `profiles` (`user_id`, `gender`, `birthday`, `photo_id`, `status`, `city`, `country`, `created_at`, `updated_at`) VALUES (1, 'm', '1985-09-19', 1, 'omnis', 'Jordifurt', 'Nicaragua', '2001-09-03 08:52:50', '1989-01-13 16:35:48');
INSERT INTO `profiles` (`user_id`, `gender`, `birthday`, `photo_id`, `status`, `city`, `country`, `created_at`, `updated_at`) VALUES (2, 'm', '1981-02-03', 2, 'quia', 'West Luluview', 'Bouvet Island (Bouvetoya)', '1985-10-07 21:41:18', '2016-10-05 04:27:44');
INSERT INTO `profiles` (`user_id`, `gender`, `birthday`, `photo_id`, `status`, `city`, `country`, `created_at`, `updated_at`) VALUES (3, 'f', '2007-05-06', 3, 'id', 'North Lon', 'Malawi', '1989-12-09 05:49:47', '2011-05-25 22:04:47');
INSERT INTO `profiles` (`user_id`, `gender`, `birthday`, `photo_id`, `status`, `city`, `country`, `created_at`, `updated_at`) VALUES (4, 'f', '1972-08-23', 4, 'labore', 'West Marques', 'Tajikistan', '1999-02-17 22:48:55', '1993-12-25 08:39:45');
INSERT INTO `profiles` (`user_id`, `gender`, `birthday`, `photo_id`, `status`, `city`, `country`, `created_at`, `updated_at`) VALUES (5, 'f', '2011-09-04', 5, 'omnis', 'New Julio', 'Korea', '1999-01-04 01:40:45', '2009-12-18 19:32:48');
INSERT INTO `profiles` (`user_id`, `gender`, `birthday`, `photo_id`, `status`, `city`, `country`, `created_at`, `updated_at`) VALUES (6, 'f', '1984-06-08', 6, 'in', 'West Sydneeland', 'Algeria', '1975-05-01 11:42:00', '2007-09-25 11:59:41');
INSERT INTO `profiles` (`user_id`, `gender`, `birthday`, `photo_id`, `status`, `city`, `country`, `created_at`, `updated_at`) VALUES (7, 'f', '1971-02-14', 7, 'at', 'North Thomasshire', 'Malawi', '2015-04-28 08:57:11', '2017-02-08 11:47:59');
INSERT INTO `profiles` (`user_id`, `gender`, `birthday`, `photo_id`, `status`, `city`, `country`, `created_at`, `updated_at`) VALUES (8, 'm', '2008-09-08', 8, 'quo', 'West Nathanialshire', 'Samoa', '2003-03-20 09:40:16', '2016-07-17 19:11:25');
INSERT INTO `profiles` (`user_id`, `gender`, `birthday`, `photo_id`, `status`, `city`, `country`, `created_at`, `updated_at`) VALUES (9, 'm', '2014-06-25', 9, 'magnam', 'Jaskolskiland', 'Andorra', '1977-07-05 22:18:46', '1989-12-06 12:04:16');
INSERT INTO `profiles` (`user_id`, `gender`, `birthday`, `photo_id`, `status`, `city`, `country`, `created_at`, `updated_at`) VALUES (10, 'f', '1988-01-18', 10, 'autem', 'Ashleytown', 'Croatia', '1997-08-03 03:52:26', '2000-10-07 15:08:57');
INSERT INTO `profiles` (`user_id`, `gender`, `birthday`, `photo_id`, `status`, `city`, `country`, `created_at`, `updated_at`) VALUES (11, 'm', '1979-04-16', 11, 'voluptatem', 'Gleichnerbury', 'Bangladesh', '1994-04-15 00:03:23', '1978-10-14 18:26:53');
INSERT INTO `profiles` (`user_id`, `gender`, `birthday`, `photo_id`, `status`, `city`, `country`, `created_at`, `updated_at`) VALUES (12, 'm', '1986-10-01', 12, 'aut', 'Danielhaven', 'Tokelau', '2020-02-17 21:02:42', '2011-08-03 11:36:22');
INSERT INTO `profiles` (`user_id`, `gender`, `birthday`, `photo_id`, `status`, `city`, `country`, `created_at`, `updated_at`) VALUES (13, 'm', '1973-07-23', 13, 'dicta', 'East Alexandrea', 'Bahamas', '1984-10-20 18:16:34', '2005-01-20 09:07:53');
INSERT INTO `profiles` (`user_id`, `gender`, `birthday`, `photo_id`, `status`, `city`, `country`, `created_at`, `updated_at`) VALUES (14, 'm', '1978-05-25', 14, 'quo', 'Jaredville', 'Nauru', '1983-03-06 04:33:03', '1973-10-15 23:38:45');
INSERT INTO `profiles` (`user_id`, `gender`, `birthday`, `photo_id`, `status`, `city`, `country`, `created_at`, `updated_at`) VALUES (15, 'm', '1993-06-03', 15, 'cupiditate', 'Port Eldoraberg', 'Samoa', '1990-06-17 16:16:08', '2009-09-23 09:00:43');
INSERT INTO `profiles` (`user_id`, `gender`, `birthday`, `photo_id`, `status`, `city`, `country`, `created_at`, `updated_at`) VALUES (16, 'f', '1982-11-16', 16, 'cupiditate', 'O\'Reillyton', 'Guadeloupe', '1996-03-12 11:36:30', '2016-01-01 04:46:37');
INSERT INTO `profiles` (`user_id`, `gender`, `birthday`, `photo_id`, `status`, `city`, `country`, `created_at`, `updated_at`) VALUES (17, 'f', '2014-09-16', 17, 'provident', 'Carolinefort', 'Switzerland', '1983-06-01 03:40:23', '1981-01-06 03:57:00');
INSERT INTO `profiles` (`user_id`, `gender`, `birthday`, `photo_id`, `status`, `city`, `country`, `created_at`, `updated_at`) VALUES (18, 'f', '2013-07-15', 18, 'voluptates', 'Sammouth', 'Norfolk Island', '2001-04-23 18:01:41', '2015-06-11 00:23:54');
INSERT INTO `profiles` (`user_id`, `gender`, `birthday`, `photo_id`, `status`, `city`, `country`, `created_at`, `updated_at`) VALUES (19, 'm', '1974-03-24', 19, 'necessitatibus', 'Moenside', 'Cyprus', '2019-08-28 12:23:59', '1991-03-18 03:43:33');
INSERT INTO `profiles` (`user_id`, `gender`, `birthday`, `photo_id`, `status`, `city`, `country`, `created_at`, `updated_at`) VALUES (20, 'f', '1984-12-12', 20, 'non', 'West Rooseveltville', 'British Virgin Islands', '2015-01-05 23:39:25', '1981-02-09 09:32:29');
INSERT INTO `profiles` (`user_id`, `gender`, `birthday`, `photo_id`, `status`, `city`, `country`, `created_at`, `updated_at`) VALUES (21, 'f', '2014-12-20', 21, 'excepturi', 'South Mariano', 'Moldova', '2015-01-04 02:59:03', '1997-08-28 11:52:56');
INSERT INTO `profiles` (`user_id`, `gender`, `birthday`, `photo_id`, `status`, `city`, `country`, `created_at`, `updated_at`) VALUES (22, 'f', '2007-05-17', 22, 'quos', 'Lake Rashad', 'Mayotte', '1989-12-29 10:12:08', '2004-01-03 22:37:35');
INSERT INTO `profiles` (`user_id`, `gender`, `birthday`, `photo_id`, `status`, `city`, `country`, `created_at`, `updated_at`) VALUES (23, 'f', '1999-09-24', 23, 'praesentium', 'New Melynaview', 'Bahamas', '2010-06-19 12:55:45', '1974-12-08 11:16:01');
INSERT INTO `profiles` (`user_id`, `gender`, `birthday`, `photo_id`, `status`, `city`, `country`, `created_at`, `updated_at`) VALUES (24, 'm', '1990-05-25', 24, 'voluptatem', 'Port Dellaton', 'Guyana', '1992-09-22 03:16:31', '1987-09-05 08:21:36');
INSERT INTO `profiles` (`user_id`, `gender`, `birthday`, `photo_id`, `status`, `city`, `country`, `created_at`, `updated_at`) VALUES (25, 'm', '1995-05-27', 25, 'laboriosam', 'Stoltenbergtown', 'British Indian Ocean Territory (Chagos Archipelago)', '2006-09-20 09:06:34', '1978-09-20 16:59:32');
INSERT INTO `profiles` (`user_id`, `gender`, `birthday`, `photo_id`, `status`, `city`, `country`, `created_at`, `updated_at`) VALUES (26, 'f', '2020-05-10', 26, 'vitae', 'East Lowellside', 'Lebanon', '2010-05-08 21:11:52', '2016-11-07 03:55:42');
INSERT INTO `profiles` (`user_id`, `gender`, `birthday`, `photo_id`, `status`, `city`, `country`, `created_at`, `updated_at`) VALUES (27, 'm', '1972-03-31', 27, 'quia', 'Schaeferborough', 'Algeria', '2002-10-19 13:20:51', '1984-06-12 06:43:58');
INSERT INTO `profiles` (`user_id`, `gender`, `birthday`, `photo_id`, `status`, `city`, `country`, `created_at`, `updated_at`) VALUES (28, 'm', '1990-12-18', 28, 'vitae', 'Charlesland', 'Mexico', '1982-10-29 10:20:58', '1987-01-25 13:43:40');
INSERT INTO `profiles` (`user_id`, `gender`, `birthday`, `photo_id`, `status`, `city`, `country`, `created_at`, `updated_at`) VALUES (29, 'm', '1999-11-04', 29, 'incidunt', 'South Rogelioburgh', 'Grenada', '2004-01-24 12:41:38', '1981-12-09 21:52:34');
INSERT INTO `profiles` (`user_id`, `gender`, `birthday`, `photo_id`, `status`, `city`, `country`, `created_at`, `updated_at`) VALUES (30, 'm', '2017-07-10', 30, 'dolorem', 'VonRuedenton', 'Samoa', '2013-01-02 10:30:22', '2002-03-28 15:10:16');
INSERT INTO `profiles` (`user_id`, `gender`, `birthday`, `photo_id`, `status`, `city`, `country`, `created_at`, `updated_at`) VALUES (31, 'f', '1972-01-27', 31, 'magnam', 'North Eleanora', 'Thailand', '2000-03-03 16:17:27', '1989-11-22 10:54:48');
INSERT INTO `profiles` (`user_id`, `gender`, `birthday`, `photo_id`, `status`, `city`, `country`, `created_at`, `updated_at`) VALUES (32, 'm', '1972-12-17', 32, 'provident', 'Rashawnbury', 'Suriname', '1979-07-12 22:03:17', '1988-10-04 22:42:34');
INSERT INTO `profiles` (`user_id`, `gender`, `birthday`, `photo_id`, `status`, `city`, `country`, `created_at`, `updated_at`) VALUES (33, 'm', '1998-07-19', 33, 'eum', 'South Julien', 'Monaco', '1980-06-03 13:57:13', '2019-03-05 11:05:08');
INSERT INTO `profiles` (`user_id`, `gender`, `birthday`, `photo_id`, `status`, `city`, `country`, `created_at`, `updated_at`) VALUES (34, 'm', '1992-02-20', 34, 'fugit', 'East Baby', 'Japan', '1990-02-05 06:21:58', '1990-04-01 04:36:51');
INSERT INTO `profiles` (`user_id`, `gender`, `birthday`, `photo_id`, `status`, `city`, `country`, `created_at`, `updated_at`) VALUES (35, 'm', '1973-02-15', 35, 'accusantium', 'Conroyfurt', 'British Indian Ocean Territory (Chagos Archipelago)', '1983-11-06 18:53:31', '1988-03-30 14:52:23');
INSERT INTO `profiles` (`user_id`, `gender`, `birthday`, `photo_id`, `status`, `city`, `country`, `created_at`, `updated_at`) VALUES (36, 'm', '1979-01-25', 36, 'ducimus', 'Ernsermouth', 'Western Sahara', '1991-07-27 13:17:03', '1973-02-26 16:17:36');
INSERT INTO `profiles` (`user_id`, `gender`, `birthday`, `photo_id`, `status`, `city`, `country`, `created_at`, `updated_at`) VALUES (37, 'f', '1999-01-31', 37, 'ea', 'Reingermouth', 'Colombia', '1990-12-06 01:52:00', '1973-07-29 20:27:34');
INSERT INTO `profiles` (`user_id`, `gender`, `birthday`, `photo_id`, `status`, `city`, `country`, `created_at`, `updated_at`) VALUES (38, 'm', '1975-07-05', 38, 'consequatur', 'West Annie', 'Cocos (Keeling) Islands', '2010-06-06 01:28:41', '2015-04-08 20:40:42');
INSERT INTO `profiles` (`user_id`, `gender`, `birthday`, `photo_id`, `status`, `city`, `country`, `created_at`, `updated_at`) VALUES (39, 'f', '1991-09-02', 39, 'fugiat', 'Terryfurt', 'Turkmenistan', '1986-07-13 20:49:41', '1986-11-27 14:11:16');
INSERT INTO `profiles` (`user_id`, `gender`, `birthday`, `photo_id`, `status`, `city`, `country`, `created_at`, `updated_at`) VALUES (40, 'f', '1993-10-23', 40, 'qui', 'Florencemouth', 'Bahrain', '2019-10-09 19:41:08', '1979-10-06 10:56:47');
INSERT INTO `profiles` (`user_id`, `gender`, `birthday`, `photo_id`, `status`, `city`, `country`, `created_at`, `updated_at`) VALUES (41, 'm', '1999-04-23', 41, 'aliquid', 'New Trevor', 'Nicaragua', '2001-11-18 08:12:27', '1987-06-19 20:06:17');
INSERT INTO `profiles` (`user_id`, `gender`, `birthday`, `photo_id`, `status`, `city`, `country`, `created_at`, `updated_at`) VALUES (42, 'f', '2011-03-07', 42, 'aut', 'Berniermouth', 'Vanuatu', '1996-03-24 07:27:14', '2014-03-21 15:59:55');
INSERT INTO `profiles` (`user_id`, `gender`, `birthday`, `photo_id`, `status`, `city`, `country`, `created_at`, `updated_at`) VALUES (43, 'm', '1981-07-14', 43, 'reprehenderit', 'North Clayton', 'Qatar', '1979-08-08 10:25:02', '2013-11-14 05:32:29');
INSERT INTO `profiles` (`user_id`, `gender`, `birthday`, `photo_id`, `status`, `city`, `country`, `created_at`, `updated_at`) VALUES (44, 'f', '1998-09-12', 44, 'reiciendis', 'West Willie', 'Mauritania', '1993-03-16 21:38:20', '1976-09-10 04:45:11');
INSERT INTO `profiles` (`user_id`, `gender`, `birthday`, `photo_id`, `status`, `city`, `country`, `created_at`, `updated_at`) VALUES (45, 'f', '1988-07-13', 45, 'dicta', 'South Yolandaborough', 'Belize', '2016-05-01 18:59:32', '2016-02-11 10:53:33');
INSERT INTO `profiles` (`user_id`, `gender`, `birthday`, `photo_id`, `status`, `city`, `country`, `created_at`, `updated_at`) VALUES (46, 'f', '1979-03-15', 46, 'explicabo', 'Rossiefort', 'Vietnam', '1994-11-14 05:52:06', '1993-07-09 11:29:51');
INSERT INTO `profiles` (`user_id`, `gender`, `birthday`, `photo_id`, `status`, `city`, `country`, `created_at`, `updated_at`) VALUES (47, 'm', '1980-05-25', 47, 'ratione', 'North Garnet', 'Congo', '1983-03-11 13:24:52', '2017-02-01 15:22:49');
INSERT INTO `profiles` (`user_id`, `gender`, `birthday`, `photo_id`, `status`, `city`, `country`, `created_at`, `updated_at`) VALUES (48, 'm', '2015-12-19', 48, 'sunt', 'Laviniaborough', 'Saint Helena', '1976-01-09 06:21:27', '2002-07-02 18:44:32');
INSERT INTO `profiles` (`user_id`, `gender`, `birthday`, `photo_id`, `status`, `city`, `country`, `created_at`, `updated_at`) VALUES (49, 'm', '1991-04-24', 49, 'et', 'Victoriashire', 'Finland', '1994-07-16 02:36:10', '2019-02-07 07:33:13');
INSERT INTO `profiles` (`user_id`, `gender`, `birthday`, `photo_id`, `status`, `city`, `country`, `created_at`, `updated_at`) VALUES (50, 'f', '1970-08-08', 50, 'tenetur', 'Claudiafurt', 'Kazakhstan', '2007-07-22 16:05:21', '1976-01-14 02:05:23');
INSERT INTO `profiles` (`user_id`, `gender`, `birthday`, `photo_id`, `status`, `city`, `country`, `created_at`, `updated_at`) VALUES (51, 'm', '1978-08-03', 51, 'labore', 'East Manuel', 'Lithuania', '1980-01-16 08:58:21', '1971-05-07 16:03:19');
INSERT INTO `profiles` (`user_id`, `gender`, `birthday`, `photo_id`, `status`, `city`, `country`, `created_at`, `updated_at`) VALUES (52, 'f', '1991-08-27', 52, 'doloribus', 'West Tyson', 'Cyprus', '2004-03-10 01:03:02', '2009-01-18 18:48:04');
INSERT INTO `profiles` (`user_id`, `gender`, `birthday`, `photo_id`, `status`, `city`, `country`, `created_at`, `updated_at`) VALUES (53, 'm', '2009-07-25', 53, 'quaerat', 'Fabianmouth', 'United States of America', '2005-01-14 22:51:47', '2011-05-11 19:10:38');
INSERT INTO `profiles` (`user_id`, `gender`, `birthday`, `photo_id`, `status`, `city`, `country`, `created_at`, `updated_at`) VALUES (54, 'm', '2010-01-18', 54, 'totam', 'Oswaldohaven', 'Latvia', '2006-04-21 11:01:47', '2007-01-08 19:19:06');
INSERT INTO `profiles` (`user_id`, `gender`, `birthday`, `photo_id`, `status`, `city`, `country`, `created_at`, `updated_at`) VALUES (55, 'm', '1995-04-10', 55, 'dolores', 'Bertborough', 'Jamaica', '1973-07-09 01:35:32', '1992-10-28 08:32:36');
INSERT INTO `profiles` (`user_id`, `gender`, `birthday`, `photo_id`, `status`, `city`, `country`, `created_at`, `updated_at`) VALUES (56, 'm', '1990-12-25', 56, 'perspiciatis', 'Ferrytown', 'United Arab Emirates', '2001-03-26 23:07:59', '1995-01-27 07:58:06');
INSERT INTO `profiles` (`user_id`, `gender`, `birthday`, `photo_id`, `status`, `city`, `country`, `created_at`, `updated_at`) VALUES (57, 'm', '1992-12-02', 57, 'cum', 'Port Bulah', 'Brazil', '1994-03-07 11:38:53', '2007-11-16 10:14:26');
INSERT INTO `profiles` (`user_id`, `gender`, `birthday`, `photo_id`, `status`, `city`, `country`, `created_at`, `updated_at`) VALUES (58, 'm', '1976-12-03', 58, 'possimus', 'East Dedrickberg', 'Iran', '2010-09-21 17:31:34', '2004-05-04 13:50:38');
INSERT INTO `profiles` (`user_id`, `gender`, `birthday`, `photo_id`, `status`, `city`, `country`, `created_at`, `updated_at`) VALUES (59, 'm', '1990-11-08', 59, 'sit', 'North Vida', 'Kazakhstan', '1993-07-09 02:49:12', '2004-11-01 16:04:20');
INSERT INTO `profiles` (`user_id`, `gender`, `birthday`, `photo_id`, `status`, `city`, `country`, `created_at`, `updated_at`) VALUES (60, 'm', '1989-02-06', 60, 'necessitatibus', 'Lake Bernieceside', 'Bahamas', '1993-06-24 12:36:31', '2016-04-29 01:37:57');
INSERT INTO `profiles` (`user_id`, `gender`, `birthday`, `photo_id`, `status`, `city`, `country`, `created_at`, `updated_at`) VALUES (61, 'f', '2019-10-14', 61, 'fuga', 'Hayesburgh', 'Cuba', '2007-10-01 12:15:24', '2016-05-07 00:33:35');
INSERT INTO `profiles` (`user_id`, `gender`, `birthday`, `photo_id`, `status`, `city`, `country`, `created_at`, `updated_at`) VALUES (62, 'f', '1980-03-31', 62, 'ab', 'Fayport', 'Cocos (Keeling) Islands', '2006-11-26 13:36:04', '2010-06-21 00:21:03');
INSERT INTO `profiles` (`user_id`, `gender`, `birthday`, `photo_id`, `status`, `city`, `country`, `created_at`, `updated_at`) VALUES (63, 'm', '2017-04-26', 63, 'id', 'Abigaleland', 'Guernsey', '1977-12-11 18:47:56', '1984-11-21 20:44:12');
INSERT INTO `profiles` (`user_id`, `gender`, `birthday`, `photo_id`, `status`, `city`, `country`, `created_at`, `updated_at`) VALUES (64, 'm', '1991-07-24', 64, 'velit', 'Mannhaven', 'Cook Islands', '1991-10-25 07:13:18', '1979-08-17 23:37:08');
INSERT INTO `profiles` (`user_id`, `gender`, `birthday`, `photo_id`, `status`, `city`, `country`, `created_at`, `updated_at`) VALUES (65, 'f', '2014-05-14', 65, 'neque', 'Dooleyport', 'Honduras', '1975-03-12 11:04:22', '1970-07-30 14:06:37');
INSERT INTO `profiles` (`user_id`, `gender`, `birthday`, `photo_id`, `status`, `city`, `country`, `created_at`, `updated_at`) VALUES (66, 'f', '2014-06-07', 66, 'cumque', 'Lake Hertaview', 'Kenya', '2003-10-19 10:46:05', '2010-12-13 04:43:15');
INSERT INTO `profiles` (`user_id`, `gender`, `birthday`, `photo_id`, `status`, `city`, `country`, `created_at`, `updated_at`) VALUES (67, 'm', '1983-01-09', 67, 'a', 'Casperside', 'Fiji', '1999-09-19 07:06:02', '1996-01-21 07:00:09');
INSERT INTO `profiles` (`user_id`, `gender`, `birthday`, `photo_id`, `status`, `city`, `country`, `created_at`, `updated_at`) VALUES (68, 'm', '1992-05-04', 68, 'quis', 'Shayneland', 'Ukraine', '2017-02-27 01:09:17', '2014-10-29 03:51:34');
INSERT INTO `profiles` (`user_id`, `gender`, `birthday`, `photo_id`, `status`, `city`, `country`, `created_at`, `updated_at`) VALUES (69, 'f', '1989-07-23', 69, 'nam', 'Haaghaven', 'Czech Republic', '2014-01-06 15:29:59', '1979-05-01 15:48:04');
INSERT INTO `profiles` (`user_id`, `gender`, `birthday`, `photo_id`, `status`, `city`, `country`, `created_at`, `updated_at`) VALUES (70, 'f', '1985-01-10', 70, 'commodi', 'North Carleton', 'Vanuatu', '2006-05-23 13:33:04', '1992-03-20 10:40:19');
INSERT INTO `profiles` (`user_id`, `gender`, `birthday`, `photo_id`, `status`, `city`, `country`, `created_at`, `updated_at`) VALUES (71, 'm', '2000-07-31', 71, 'qui', 'South Corene', 'Namibia', '2015-05-04 14:52:33', '1984-04-12 11:54:31');
INSERT INTO `profiles` (`user_id`, `gender`, `birthday`, `photo_id`, `status`, `city`, `country`, `created_at`, `updated_at`) VALUES (72, 'f', '1993-04-15', 72, 'quo', 'Danielchester', 'Iran', '1984-07-13 08:12:20', '1974-11-22 04:51:15');
INSERT INTO `profiles` (`user_id`, `gender`, `birthday`, `photo_id`, `status`, `city`, `country`, `created_at`, `updated_at`) VALUES (73, 'f', '1983-11-11', 73, 'harum', 'Berneiceburgh', 'Saint Vincent and the Grenadines', '1985-10-19 20:36:52', '1973-12-28 14:51:13');
INSERT INTO `profiles` (`user_id`, `gender`, `birthday`, `photo_id`, `status`, `city`, `country`, `created_at`, `updated_at`) VALUES (74, 'f', '2019-12-27', 74, 'itaque', 'Lake Dorotheamouth', 'Mauritius', '1987-05-18 06:20:26', '2004-12-23 12:16:14');
INSERT INTO `profiles` (`user_id`, `gender`, `birthday`, `photo_id`, `status`, `city`, `country`, `created_at`, `updated_at`) VALUES (75, 'm', '2009-09-05', 75, 'et', 'Litzystad', 'Eritrea', '1981-08-13 11:41:37', '2000-04-10 17:01:53');
INSERT INTO `profiles` (`user_id`, `gender`, `birthday`, `photo_id`, `status`, `city`, `country`, `created_at`, `updated_at`) VALUES (76, 'm', '2004-10-28', 76, 'voluptates', 'Lake Beverly', 'Serbia', '1998-10-26 13:39:28', '1984-11-27 13:30:14');
INSERT INTO `profiles` (`user_id`, `gender`, `birthday`, `photo_id`, `status`, `city`, `country`, `created_at`, `updated_at`) VALUES (77, 'm', '2012-09-07', 77, 'odio', 'Feestshire', 'Albania', '2003-09-02 18:53:22', '2018-09-23 05:22:11');
INSERT INTO `profiles` (`user_id`, `gender`, `birthday`, `photo_id`, `status`, `city`, `country`, `created_at`, `updated_at`) VALUES (78, 'f', '1974-03-07', 78, 'at', 'Marquardtfurt', 'Comoros', '2006-02-16 06:06:30', '1971-08-25 10:21:38');
INSERT INTO `profiles` (`user_id`, `gender`, `birthday`, `photo_id`, `status`, `city`, `country`, `created_at`, `updated_at`) VALUES (79, 'f', '1988-05-07', 79, 'accusantium', 'Lubowitzton', 'Turks and Caicos Islands', '1985-10-16 00:43:36', '2014-02-03 00:56:27');
INSERT INTO `profiles` (`user_id`, `gender`, `birthday`, `photo_id`, `status`, `city`, `country`, `created_at`, `updated_at`) VALUES (80, 'f', '1976-07-31', 80, 'qui', 'Faheyburgh', 'Lithuania', '1998-08-14 06:55:36', '1970-07-08 20:49:33');
INSERT INTO `profiles` (`user_id`, `gender`, `birthday`, `photo_id`, `status`, `city`, `country`, `created_at`, `updated_at`) VALUES (81, 'f', '1992-02-24', 81, 'dignissimos', 'East Elfriedatown', 'Mongolia', '1985-06-15 10:48:25', '1976-07-12 10:12:14');
INSERT INTO `profiles` (`user_id`, `gender`, `birthday`, `photo_id`, `status`, `city`, `country`, `created_at`, `updated_at`) VALUES (82, 'f', '2004-02-02', 82, 'non', 'Lake Brandibury', 'United Kingdom', '1987-06-29 18:30:02', '1994-12-13 04:09:24');
INSERT INTO `profiles` (`user_id`, `gender`, `birthday`, `photo_id`, `status`, `city`, `country`, `created_at`, `updated_at`) VALUES (83, 'm', '1990-11-14', 83, 'nemo', 'North Freedashire', 'Czech Republic', '2014-03-06 00:48:35', '2001-03-17 06:18:01');
INSERT INTO `profiles` (`user_id`, `gender`, `birthday`, `photo_id`, `status`, `city`, `country`, `created_at`, `updated_at`) VALUES (84, 'm', '2019-02-14', 84, 'quisquam', 'Greenfelderfort', 'Malta', '1988-08-09 16:30:19', '1989-09-29 04:45:57');
INSERT INTO `profiles` (`user_id`, `gender`, `birthday`, `photo_id`, `status`, `city`, `country`, `created_at`, `updated_at`) VALUES (85, 'f', '1984-07-30', 85, 'tenetur', 'South Joanyhaven', 'Reunion', '1977-09-26 16:27:50', '2000-10-26 20:05:10');
INSERT INTO `profiles` (`user_id`, `gender`, `birthday`, `photo_id`, `status`, `city`, `country`, `created_at`, `updated_at`) VALUES (86, 'm', '1997-09-28', 86, 'ut', 'Beierberg', 'Dominican Republic', '1997-07-12 20:50:51', '2014-12-05 16:10:27');
INSERT INTO `profiles` (`user_id`, `gender`, `birthday`, `photo_id`, `status`, `city`, `country`, `created_at`, `updated_at`) VALUES (87, 'f', '2009-05-28', 87, 'quod', 'West Greta', 'Senegal', '2018-11-28 04:55:51', '2011-03-11 12:34:19');
INSERT INTO `profiles` (`user_id`, `gender`, `birthday`, `photo_id`, `status`, `city`, `country`, `created_at`, `updated_at`) VALUES (88, 'f', '1972-03-28', 88, 'quam', 'Aliamouth', 'Tajikistan', '1975-04-11 02:10:50', '2004-10-24 04:40:47');
INSERT INTO `profiles` (`user_id`, `gender`, `birthday`, `photo_id`, `status`, `city`, `country`, `created_at`, `updated_at`) VALUES (89, 'm', '1979-09-13', 89, 'amet', 'Port Agnes', 'Bouvet Island (Bouvetoya)', '1993-08-17 16:57:39', '2005-08-21 14:16:18');
INSERT INTO `profiles` (`user_id`, `gender`, `birthday`, `photo_id`, `status`, `city`, `country`, `created_at`, `updated_at`) VALUES (90, 'm', '1983-12-15', 90, 'et', 'East Chynaville', 'Malta', '1987-05-01 15:05:25', '2012-09-10 14:53:43');
INSERT INTO `profiles` (`user_id`, `gender`, `birthday`, `photo_id`, `status`, `city`, `country`, `created_at`, `updated_at`) VALUES (91, 'm', '1970-09-30', 91, 'architecto', 'New Rickie', 'Yemen', '2015-11-13 08:25:19', '2020-02-11 15:41:02');
INSERT INTO `profiles` (`user_id`, `gender`, `birthday`, `photo_id`, `status`, `city`, `country`, `created_at`, `updated_at`) VALUES (92, 'f', '1990-09-03', 92, 'ullam', 'Seamusland', 'Heard Island and McDonald Islands', '2002-04-29 01:07:10', '2015-02-25 22:57:33');
INSERT INTO `profiles` (`user_id`, `gender`, `birthday`, `photo_id`, `status`, `city`, `country`, `created_at`, `updated_at`) VALUES (93, 'm', '2008-02-13', 93, 'labore', 'West Lonieside', 'Romania', '1986-02-08 12:12:55', '1984-05-20 04:22:43');
INSERT INTO `profiles` (`user_id`, `gender`, `birthday`, `photo_id`, `status`, `city`, `country`, `created_at`, `updated_at`) VALUES (94, 'f', '2011-06-01', 94, 'error', 'South Seamusstad', 'Bouvet Island (Bouvetoya)', '2014-12-15 14:01:34', '1978-03-22 16:44:33');
INSERT INTO `profiles` (`user_id`, `gender`, `birthday`, `photo_id`, `status`, `city`, `country`, `created_at`, `updated_at`) VALUES (95, 'f', '1999-10-08', 95, 'repellat', 'New Bernadetteport', 'Togo', '1985-09-30 03:32:59', '1980-08-27 02:43:37');
INSERT INTO `profiles` (`user_id`, `gender`, `birthday`, `photo_id`, `status`, `city`, `country`, `created_at`, `updated_at`) VALUES (96, 'm', '2012-08-13', 96, 'delectus', 'Kertzmanntown', 'Botswana', '2019-08-30 16:26:08', '2009-11-30 05:36:11');
INSERT INTO `profiles` (`user_id`, `gender`, `birthday`, `photo_id`, `status`, `city`, `country`, `created_at`, `updated_at`) VALUES (97, 'f', '1977-01-18', 97, 'cum', 'North Sister', 'Spain', '1986-01-16 02:56:51', '2010-05-11 13:27:00');
INSERT INTO `profiles` (`user_id`, `gender`, `birthday`, `photo_id`, `status`, `city`, `country`, `created_at`, `updated_at`) VALUES (98, 'f', '2002-12-19', 98, 'sit', 'Haleyville', 'Tokelau', '1990-02-10 06:49:04', '1974-06-18 15:53:24');
INSERT INTO `profiles` (`user_id`, `gender`, `birthday`, `photo_id`, `status`, `city`, `country`, `created_at`, `updated_at`) VALUES (99, 'f', '1985-04-02', 99, 'iusto', 'New Declan', 'Equatorial Guinea', '1990-10-15 23:18:47', '1997-08-01 13:42:21');
INSERT INTO `profiles` (`user_id`, `gender`, `birthday`, `photo_id`, `status`, `city`, `country`, `created_at`, `updated_at`) VALUES (100, 'm', '1997-05-08', 100, 'non', 'North Virgil', 'South Georgia and the South Sandwich Islands', '1977-04-11 04:19:57', '1974-12-17 15:29:20');


#
# TABLE STRUCTURE FOR: users
#

DROP TABLE IF EXISTS `users`;

CREATE TABLE `users` (
  `id` int(10) unsigned NOT NULL AUTO_INCREMENT COMMENT 'Идентификатор строки',
  `first_name` varchar(100) COLLATE utf8_unicode_ci NOT NULL COMMENT 'Имя пользователя',
  `last_name` varchar(100) COLLATE utf8_unicode_ci NOT NULL COMMENT 'Фамилия пользователя',
  `email` varchar(100) COLLATE utf8_unicode_ci NOT NULL COMMENT 'Почта',
  `phone` varchar(100) COLLATE utf8_unicode_ci NOT NULL COMMENT 'Телефон',
  `created_at` datetime DEFAULT current_timestamp() COMMENT 'Время создания строки',
  `updated_at` datetime DEFAULT current_timestamp() ON UPDATE current_timestamp() COMMENT 'Время обновления строки',
  PRIMARY KEY (`id`),
  UNIQUE KEY `email` (`email`),
  UNIQUE KEY `phone` (`phone`)
) ENGINE=InnoDB AUTO_INCREMENT=101 DEFAULT CHARSET=utf8 COLLATE=utf8_unicode_ci COMMENT='Пользователи';

INSERT INTO `users` (`id`, `first_name`, `last_name`, `email`, `phone`, `created_at`, `updated_at`) VALUES (1, 'Ciara', 'Schmitt', 'sporer.wilhelm@example.com', '285-717-3408x02367', '1981-11-17 18:49:47', '2004-06-12 13:20:46');
INSERT INTO `users` (`id`, `first_name`, `last_name`, `email`, `phone`, `created_at`, `updated_at`) VALUES (2, 'Shanelle', 'Gorczany', 'jackie10@example.net', '1-154-957-7821x598', '1980-07-05 23:58:25', '1975-12-20 04:03:52');
INSERT INTO `users` (`id`, `first_name`, `last_name`, `email`, `phone`, `created_at`, `updated_at`) VALUES (3, 'Zula', 'Crona', 'magnus.jerde@example.com', '222-975-0876x81848', '1983-03-07 13:11:05', '1978-06-21 00:16:32');
INSERT INTO `users` (`id`, `first_name`, `last_name`, `email`, `phone`, `created_at`, `updated_at`) VALUES (4, 'Payton', 'Conroy', 'nstreich@example.org', '017.345.8873x687', '2006-03-15 07:56:34', '1994-04-27 04:56:36');
INSERT INTO `users` (`id`, `first_name`, `last_name`, `email`, `phone`, `created_at`, `updated_at`) VALUES (5, 'Yoshiko', 'Smith', 'ottilie36@example.net', '(293)213-1711x52404', '1976-12-28 05:01:10', '1975-12-20 13:50:04');
INSERT INTO `users` (`id`, `first_name`, `last_name`, `email`, `phone`, `created_at`, `updated_at`) VALUES (6, 'Mauricio', 'Johns', 'qbergstrom@example.net', '(066)985-4798x2470', '1980-12-03 02:14:55', '2014-04-21 11:45:48');
INSERT INTO `users` (`id`, `first_name`, `last_name`, `email`, `phone`, `created_at`, `updated_at`) VALUES (7, 'Wellington', 'Mosciski', 'ryann.schamberger@example.com', '+04(6)1124166200', '1998-06-12 12:19:48', '2009-04-27 15:14:38');
INSERT INTO `users` (`id`, `first_name`, `last_name`, `email`, `phone`, `created_at`, `updated_at`) VALUES (8, 'Yoshiko', 'Satterfield', 'robyn91@example.com', '213-391-3360', '1971-09-04 18:13:40', '1995-08-22 14:09:57');
INSERT INTO `users` (`id`, `first_name`, `last_name`, `email`, `phone`, `created_at`, `updated_at`) VALUES (9, 'Amaya', 'Hahn', 'dena43@example.org', '635.778.8960', '2013-12-27 21:52:29', '2004-06-10 23:08:29');
INSERT INTO `users` (`id`, `first_name`, `last_name`, `email`, `phone`, `created_at`, `updated_at`) VALUES (10, 'Gunnar', 'Sawayn', 'sipes.presley@example.org', '1-080-535-4483x2603', '1970-02-05 23:52:35', '2013-09-16 05:04:39');
INSERT INTO `users` (`id`, `first_name`, `last_name`, `email`, `phone`, `created_at`, `updated_at`) VALUES (11, 'Kolby', 'Swift', 'qcasper@example.org', '1-576-530-9587x590', '1971-08-25 21:07:36', '1992-07-15 03:24:29');
INSERT INTO `users` (`id`, `first_name`, `last_name`, `email`, `phone`, `created_at`, `updated_at`) VALUES (12, 'Penelope', 'Haley', 'zlarkin@example.org', '937-699-9815', '1991-10-24 01:49:00', '1985-07-18 22:29:46');
INSERT INTO `users` (`id`, `first_name`, `last_name`, `email`, `phone`, `created_at`, `updated_at`) VALUES (13, 'Edwin', 'Hills', 'zdach@example.net', '06086082882', '1992-08-31 18:57:02', '1995-03-14 05:17:13');
INSERT INTO `users` (`id`, `first_name`, `last_name`, `email`, `phone`, `created_at`, `updated_at`) VALUES (14, 'Kurtis', 'Feil', 'green.abigail@example.com', '1-364-743-7544x260', '1981-06-18 13:11:33', '1991-04-13 05:47:16');
INSERT INTO `users` (`id`, `first_name`, `last_name`, `email`, `phone`, `created_at`, `updated_at`) VALUES (15, 'Marion', 'Jacobs', 'margarett.mann@example.com', '937-112-9029', '1982-12-31 17:45:49', '2002-10-30 19:45:34');
INSERT INTO `users` (`id`, `first_name`, `last_name`, `email`, `phone`, `created_at`, `updated_at`) VALUES (16, 'Linda', 'Tremblay', 'meda.barrows@example.net', '609-237-6297', '2006-08-26 02:46:59', '2014-09-27 08:36:29');
INSERT INTO `users` (`id`, `first_name`, `last_name`, `email`, `phone`, `created_at`, `updated_at`) VALUES (17, 'Shanon', 'Stiedemann', 'umoore@example.com', '1-969-841-5207x991', '2013-02-13 15:06:45', '2008-11-22 03:46:08');
INSERT INTO `users` (`id`, `first_name`, `last_name`, `email`, `phone`, `created_at`, `updated_at`) VALUES (18, 'Lewis', 'Gleichner', 'kirlin.natalie@example.org', '323.891.4087', '1995-10-01 19:47:14', '1998-11-16 01:50:15');
INSERT INTO `users` (`id`, `first_name`, `last_name`, `email`, `phone`, `created_at`, `updated_at`) VALUES (19, 'Jailyn', 'Rosenbaum', 'gluettgen@example.org', '631-084-7978x89118', '2006-10-23 01:26:35', '2012-09-16 07:34:04');
INSERT INTO `users` (`id`, `first_name`, `last_name`, `email`, `phone`, `created_at`, `updated_at`) VALUES (20, 'Jade', 'Kirlin', 'lortiz@example.org', '1-521-710-4385', '2006-12-19 08:52:26', '2002-12-25 04:45:05');
INSERT INTO `users` (`id`, `first_name`, `last_name`, `email`, `phone`, `created_at`, `updated_at`) VALUES (21, 'Carrie', 'Welch', 'gunner.volkman@example.org', '(089)933-4174', '1980-01-15 03:27:49', '1991-03-22 20:49:06');
INSERT INTO `users` (`id`, `first_name`, `last_name`, `email`, `phone`, `created_at`, `updated_at`) VALUES (22, 'Aurelie', 'Hegmann', 'gage.considine@example.com', '(631)951-0233x87639', '2002-10-08 21:03:57', '1970-12-09 14:16:01');
INSERT INTO `users` (`id`, `first_name`, `last_name`, `email`, `phone`, `created_at`, `updated_at`) VALUES (23, 'Kennith', 'Oberbrunner', 'clemmie29@example.com', '(895)897-7054', '2010-11-08 13:08:55', '2007-08-25 05:16:22');
INSERT INTO `users` (`id`, `first_name`, `last_name`, `email`, `phone`, `created_at`, `updated_at`) VALUES (24, 'Cesar', 'Larkin', 'rmetz@example.net', '199-009-9795', '1970-02-28 05:21:30', '2013-06-06 12:08:25');
INSERT INTO `users` (`id`, `first_name`, `last_name`, `email`, `phone`, `created_at`, `updated_at`) VALUES (25, 'Willa', 'Cummerata', 'jarret.trantow@example.net', '943-791-9081x15921', '2012-01-01 03:11:41', '1994-02-02 11:26:34');
INSERT INTO `users` (`id`, `first_name`, `last_name`, `email`, `phone`, `created_at`, `updated_at`) VALUES (26, 'Kristy', 'Connelly', 'linnie87@example.org', '(988)454-8635', '2003-03-26 09:49:13', '2003-08-13 16:10:19');
INSERT INTO `users` (`id`, `first_name`, `last_name`, `email`, `phone`, `created_at`, `updated_at`) VALUES (27, 'Breanne', 'Green', 'rosalee75@example.com', '(112)709-9257', '1989-01-12 05:30:12', '2004-09-16 02:57:27');
INSERT INTO `users` (`id`, `first_name`, `last_name`, `email`, `phone`, `created_at`, `updated_at`) VALUES (28, 'Clara', 'Adams', 'jgorczany@example.org', '706-331-4568', '1971-06-28 17:57:02', '2018-10-05 09:51:16');
INSERT INTO `users` (`id`, `first_name`, `last_name`, `email`, `phone`, `created_at`, `updated_at`) VALUES (29, 'Modesto', 'Emard', 'colleen52@example.org', '921.720.7504x304', '1994-12-03 05:19:58', '1977-03-07 04:51:08');
INSERT INTO `users` (`id`, `first_name`, `last_name`, `email`, `phone`, `created_at`, `updated_at`) VALUES (30, 'Catherine', 'Bartell', 'liliane.greenfelder@example.net', '01334011038', '1996-01-14 08:39:57', '2015-08-21 23:51:23');
INSERT INTO `users` (`id`, `first_name`, `last_name`, `email`, `phone`, `created_at`, `updated_at`) VALUES (31, 'Cleora', 'Hoeger', 'pete68@example.com', '633-045-3861x6275', '2013-09-06 13:10:08', '1999-06-17 01:27:45');
INSERT INTO `users` (`id`, `first_name`, `last_name`, `email`, `phone`, `created_at`, `updated_at`) VALUES (32, 'Alford', 'Reilly', 'ihoppe@example.org', '1-300-643-1238x78367', '1980-01-23 19:29:29', '2001-05-04 09:44:45');
INSERT INTO `users` (`id`, `first_name`, `last_name`, `email`, `phone`, `created_at`, `updated_at`) VALUES (33, 'Germaine', 'DuBuque', 'bo99@example.org', '008-579-7578x3619', '1997-12-04 23:36:40', '2018-10-26 21:56:04');
INSERT INTO `users` (`id`, `first_name`, `last_name`, `email`, `phone`, `created_at`, `updated_at`) VALUES (34, 'Fabian', 'Koepp', 'maybelle.dickinson@example.com', '435-584-1444', '2004-08-20 18:15:27', '1994-02-19 10:32:04');
INSERT INTO `users` (`id`, `first_name`, `last_name`, `email`, `phone`, `created_at`, `updated_at`) VALUES (35, 'Kody', 'Satterfield', 'qschiller@example.net', '(381)094-5584', '2019-10-31 19:38:34', '1983-07-07 11:39:54');
INSERT INTO `users` (`id`, `first_name`, `last_name`, `email`, `phone`, `created_at`, `updated_at`) VALUES (36, 'Sadie', 'Hayes', 'lakin.gregory@example.org', '1-726-904-2593x5475', '1979-04-18 18:37:21', '1985-03-01 06:02:43');
INSERT INTO `users` (`id`, `first_name`, `last_name`, `email`, `phone`, `created_at`, `updated_at`) VALUES (37, 'Veda', 'Baumbach', 'pollich.marianna@example.net', '+92(6)4327314045', '1970-12-10 12:26:08', '1975-08-09 12:05:47');
INSERT INTO `users` (`id`, `first_name`, `last_name`, `email`, `phone`, `created_at`, `updated_at`) VALUES (38, 'Marcus', 'Walker', 'tristian.cummerata@example.com', '604.892.0779', '1980-05-13 14:29:20', '1987-07-28 13:39:14');
INSERT INTO `users` (`id`, `first_name`, `last_name`, `email`, `phone`, `created_at`, `updated_at`) VALUES (39, 'Grace', 'Quigley', 'cummerata.nellie@example.net', '05033067999', '1981-05-30 21:38:08', '2015-10-19 02:19:22');
INSERT INTO `users` (`id`, `first_name`, `last_name`, `email`, `phone`, `created_at`, `updated_at`) VALUES (40, 'Chadd', 'Windler', 'hiram.carter@example.net', '1-746-786-6136x294', '1997-04-27 20:27:53', '2000-06-15 23:58:37');
INSERT INTO `users` (`id`, `first_name`, `last_name`, `email`, `phone`, `created_at`, `updated_at`) VALUES (41, 'Brigitte', 'Carroll', 'thiel.precious@example.com', '195-367-1239x55300', '1970-04-03 00:22:17', '1993-04-13 10:55:49');
INSERT INTO `users` (`id`, `first_name`, `last_name`, `email`, `phone`, `created_at`, `updated_at`) VALUES (42, 'Gerard', 'O\'Keefe', 'fschinner@example.com', '682-756-1280', '1978-05-26 18:00:06', '2016-06-19 13:02:03');
INSERT INTO `users` (`id`, `first_name`, `last_name`, `email`, `phone`, `created_at`, `updated_at`) VALUES (43, 'Eleonore', 'Mann', 'schulist.kirsten@example.net', '921-220-4164x9122', '2007-02-24 06:12:06', '2001-05-05 19:36:01');
INSERT INTO `users` (`id`, `first_name`, `last_name`, `email`, `phone`, `created_at`, `updated_at`) VALUES (44, 'Fleta', 'Cruickshank', 'libbie.gleason@example.org', '1-329-889-6033x78116', '1970-07-09 00:06:40', '1977-05-28 14:45:10');
INSERT INTO `users` (`id`, `first_name`, `last_name`, `email`, `phone`, `created_at`, `updated_at`) VALUES (45, 'Shirley', 'Weimann', 'xwindler@example.net', '+58(9)6460702444', '1999-09-03 20:59:34', '2011-06-30 04:11:30');
INSERT INTO `users` (`id`, `first_name`, `last_name`, `email`, `phone`, `created_at`, `updated_at`) VALUES (46, 'Mitchel', 'Feest', 'simonis.lenna@example.net', '1-351-990-3369x681', '1983-04-03 04:18:34', '1976-03-14 18:55:49');
INSERT INTO `users` (`id`, `first_name`, `last_name`, `email`, `phone`, `created_at`, `updated_at`) VALUES (47, 'Devante', 'Russel', 'o\'keefe.tatyana@example.net', '01387722594', '1996-11-14 00:55:51', '1974-01-17 23:58:17');
INSERT INTO `users` (`id`, `first_name`, `last_name`, `email`, `phone`, `created_at`, `updated_at`) VALUES (48, 'Walter', 'Nader', 'mwiza@example.net', '08693233273', '1985-06-05 10:08:07', '1980-09-11 04:48:19');
INSERT INTO `users` (`id`, `first_name`, `last_name`, `email`, `phone`, `created_at`, `updated_at`) VALUES (49, 'Mafalda', 'Kuvalis', 'keagan.glover@example.org', '1-066-499-8890x912', '2002-05-12 00:53:28', '2002-08-28 17:20:06');
INSERT INTO `users` (`id`, `first_name`, `last_name`, `email`, `phone`, `created_at`, `updated_at`) VALUES (50, 'Muriel', 'Huels', 'zgleason@example.net', '03448366983', '1979-08-15 10:51:23', '2012-06-16 21:30:50');
INSERT INTO `users` (`id`, `first_name`, `last_name`, `email`, `phone`, `created_at`, `updated_at`) VALUES (51, 'Jack', 'Torphy', 'randerson@example.net', '1-569-781-3585x92443', '2003-02-22 04:01:46', '1983-04-09 11:34:16');
INSERT INTO `users` (`id`, `first_name`, `last_name`, `email`, `phone`, `created_at`, `updated_at`) VALUES (52, 'Shayna', 'Leuschke', 'monahan.xzavier@example.org', '1-172-309-7382x735', '2018-11-24 03:55:46', '2003-12-04 17:31:42');
INSERT INTO `users` (`id`, `first_name`, `last_name`, `email`, `phone`, `created_at`, `updated_at`) VALUES (53, 'Bridgette', 'Kunze', 'kariane.smith@example.com', '145.504.6551x1711', '1973-10-31 20:35:46', '2018-08-12 08:30:18');
INSERT INTO `users` (`id`, `first_name`, `last_name`, `email`, `phone`, `created_at`, `updated_at`) VALUES (54, 'Harry', 'O\'Hara', 'orland08@example.org', '(639)879-3020', '2003-12-03 09:09:55', '2017-11-06 09:23:58');
INSERT INTO `users` (`id`, `first_name`, `last_name`, `email`, `phone`, `created_at`, `updated_at`) VALUES (55, 'Roel', 'Wunsch', 'emosciski@example.net', '612-238-9051x111', '2015-04-20 08:49:40', '2006-09-23 03:39:43');
INSERT INTO `users` (`id`, `first_name`, `last_name`, `email`, `phone`, `created_at`, `updated_at`) VALUES (56, 'Beryl', 'Haag', 'florian.koelpin@example.com', '+70(6)5843442368', '1993-12-06 02:38:02', '1987-09-23 16:41:33');
INSERT INTO `users` (`id`, `first_name`, `last_name`, `email`, `phone`, `created_at`, `updated_at`) VALUES (57, 'Jaeden', 'Kuphal', 'fhayes@example.net', '148.200.8952x43974', '1998-09-13 03:17:29', '1996-12-19 22:39:57');
INSERT INTO `users` (`id`, `first_name`, `last_name`, `email`, `phone`, `created_at`, `updated_at`) VALUES (58, 'Margaretta', 'Waelchi', 'rrobel@example.net', '107-688-9260', '2009-09-05 02:25:07', '2008-06-04 06:52:03');
INSERT INTO `users` (`id`, `first_name`, `last_name`, `email`, `phone`, `created_at`, `updated_at`) VALUES (59, 'Aglae', 'Sporer', 'dario99@example.net', '1-850-602-9407x0641', '1977-12-04 04:44:41', '1982-07-13 12:48:53');
INSERT INTO `users` (`id`, `first_name`, `last_name`, `email`, `phone`, `created_at`, `updated_at`) VALUES (60, 'Ahmed', 'Abshire', 'schuster.dayna@example.org', '03073558938', '2019-12-08 03:18:18', '1985-03-13 16:35:44');
INSERT INTO `users` (`id`, `first_name`, `last_name`, `email`, `phone`, `created_at`, `updated_at`) VALUES (61, 'Sheila', 'Lesch', 'rnicolas@example.org', '244.613.4304x624', '2019-11-12 09:32:57', '1972-02-24 15:40:21');
INSERT INTO `users` (`id`, `first_name`, `last_name`, `email`, `phone`, `created_at`, `updated_at`) VALUES (62, 'Lavern', 'Weissnat', 'bill.gislason@example.org', '909-320-4351x9302', '1983-03-07 12:02:21', '2011-06-29 10:07:16');
INSERT INTO `users` (`id`, `first_name`, `last_name`, `email`, `phone`, `created_at`, `updated_at`) VALUES (63, 'Norma', 'Sauer', 'christophe12@example.net', '(449)232-1663x052', '1998-04-06 12:40:58', '2007-03-04 00:24:07');
INSERT INTO `users` (`id`, `first_name`, `last_name`, `email`, `phone`, `created_at`, `updated_at`) VALUES (64, 'Lia', 'McClure', 'hauck.gabriella@example.com', '(811)977-9697x0656', '1983-07-09 08:17:19', '1974-12-15 14:49:27');
INSERT INTO `users` (`id`, `first_name`, `last_name`, `email`, `phone`, `created_at`, `updated_at`) VALUES (65, 'Norbert', 'Considine', 'gideon24@example.net', '1-978-627-5584x265', '1977-01-09 23:26:55', '2017-11-29 18:21:08');
INSERT INTO `users` (`id`, `first_name`, `last_name`, `email`, `phone`, `created_at`, `updated_at`) VALUES (66, 'Layla', 'Harvey', 'delmer.jacobi@example.net', '02999819378', '1995-01-26 14:00:04', '1971-05-10 04:01:12');
INSERT INTO `users` (`id`, `first_name`, `last_name`, `email`, `phone`, `created_at`, `updated_at`) VALUES (67, 'Junior', 'Mante', 'muller.shaylee@example.net', '957.765.0807x806', '2000-05-12 08:35:56', '1977-06-21 12:43:10');
INSERT INTO `users` (`id`, `first_name`, `last_name`, `email`, `phone`, `created_at`, `updated_at`) VALUES (68, 'Zaria', 'Weimann', 'tiana.hahn@example.com', '444.091.0291x553', '1981-11-23 19:22:27', '1999-11-01 22:22:07');
INSERT INTO `users` (`id`, `first_name`, `last_name`, `email`, `phone`, `created_at`, `updated_at`) VALUES (69, 'Emily', 'Haley', 'jovan.stoltenberg@example.com', '290-439-1738x8199', '2009-09-20 20:07:52', '1997-05-24 07:44:23');
INSERT INTO `users` (`id`, `first_name`, `last_name`, `email`, `phone`, `created_at`, `updated_at`) VALUES (70, 'Ethel', 'Harvey', 'zcasper@example.org', '166.432.8572x7807', '1981-09-18 09:20:28', '2007-11-18 15:16:52');
INSERT INTO `users` (`id`, `first_name`, `last_name`, `email`, `phone`, `created_at`, `updated_at`) VALUES (71, 'Cristian', 'Schuppe', 'kihn.newton@example.com', '1-182-324-0318x33015', '2014-07-30 16:40:36', '1973-12-10 13:34:19');
INSERT INTO `users` (`id`, `first_name`, `last_name`, `email`, `phone`, `created_at`, `updated_at`) VALUES (72, 'Kristopher', 'Mayer', 'jamel.boehm@example.org', '+67(0)2593748121', '2016-08-19 00:54:13', '2004-01-07 22:51:41');
INSERT INTO `users` (`id`, `first_name`, `last_name`, `email`, `phone`, `created_at`, `updated_at`) VALUES (73, 'Violet', 'Upton', 'dusty96@example.com', '688-731-7022', '1990-05-22 02:34:13', '1982-02-02 19:46:04');
INSERT INTO `users` (`id`, `first_name`, `last_name`, `email`, `phone`, `created_at`, `updated_at`) VALUES (74, 'Shanelle', 'Powlowski', 'zelda.boyle@example.com', '303.038.4127', '2006-09-03 03:23:08', '1975-09-26 08:21:31');
INSERT INTO `users` (`id`, `first_name`, `last_name`, `email`, `phone`, `created_at`, `updated_at`) VALUES (75, 'Tre', 'Balistreri', 'hschumm@example.org', '836-824-1905', '2001-11-14 23:35:33', '2014-03-25 08:50:53');
INSERT INTO `users` (`id`, `first_name`, `last_name`, `email`, `phone`, `created_at`, `updated_at`) VALUES (76, 'Marianne', 'Witting', 'gfahey@example.org', '+32(3)4778746419', '1983-12-29 06:55:23', '1985-10-28 08:52:45');
INSERT INTO `users` (`id`, `first_name`, `last_name`, `email`, `phone`, `created_at`, `updated_at`) VALUES (77, 'Bria', 'Haley', 'gavin.reichert@example.org', '728.223.3394x47736', '1993-02-15 22:02:40', '1970-10-19 11:29:33');
INSERT INTO `users` (`id`, `first_name`, `last_name`, `email`, `phone`, `created_at`, `updated_at`) VALUES (78, 'Belle', 'Kassulke', 'qgleichner@example.org', '496.050.9423x411', '2004-06-11 10:42:27', '2006-02-21 02:49:34');
INSERT INTO `users` (`id`, `first_name`, `last_name`, `email`, `phone`, `created_at`, `updated_at`) VALUES (79, 'Florian', 'Gislason', 'eula.kunze@example.org', '1-220-868-7392', '2012-07-29 13:31:05', '2018-10-18 22:03:49');
INSERT INTO `users` (`id`, `first_name`, `last_name`, `email`, `phone`, `created_at`, `updated_at`) VALUES (80, 'Jamaal', 'Littel', 'lavern21@example.net', '(827)275-5666', '1989-10-05 10:12:40', '1981-07-05 05:29:08');
INSERT INTO `users` (`id`, `first_name`, `last_name`, `email`, `phone`, `created_at`, `updated_at`) VALUES (81, 'Bridget', 'Krajcik', 'ijakubowski@example.org', '240-473-4962x96910', '1975-07-18 13:50:20', '1985-12-25 17:14:08');
INSERT INTO `users` (`id`, `first_name`, `last_name`, `email`, `phone`, `created_at`, `updated_at`) VALUES (82, 'Zoe', 'Schultz', 'beier.quinten@example.org', '382.578.8024x29654', '2015-05-12 19:30:49', '2019-12-17 23:58:40');
INSERT INTO `users` (`id`, `first_name`, `last_name`, `email`, `phone`, `created_at`, `updated_at`) VALUES (83, 'Kane', 'Wilkinson', 'rupert.gleichner@example.com', '856-454-1647', '2014-01-10 18:50:41', '2015-06-28 20:50:24');
INSERT INTO `users` (`id`, `first_name`, `last_name`, `email`, `phone`, `created_at`, `updated_at`) VALUES (84, 'Jermaine', 'Dare', 'wiza.henderson@example.org', '1-146-593-4815x79003', '1988-05-25 21:19:50', '2005-11-10 11:22:50');
INSERT INTO `users` (`id`, `first_name`, `last_name`, `email`, `phone`, `created_at`, `updated_at`) VALUES (85, 'Ida', 'Mohr', 'nels67@example.com', '(226)343-9163', '2003-03-08 14:35:50', '1993-12-13 01:44:30');
INSERT INTO `users` (`id`, `first_name`, `last_name`, `email`, `phone`, `created_at`, `updated_at`) VALUES (86, 'Retha', 'Streich', 'qpollich@example.org', '(974)250-0673x22277', '1978-01-27 01:10:09', '2015-11-03 07:33:23');
INSERT INTO `users` (`id`, `first_name`, `last_name`, `email`, `phone`, `created_at`, `updated_at`) VALUES (87, 'Markus', 'Wiegand', 'wilton66@example.net', '(392)013-9656', '2019-01-20 17:51:19', '1981-09-05 12:37:26');
INSERT INTO `users` (`id`, `first_name`, `last_name`, `email`, `phone`, `created_at`, `updated_at`) VALUES (88, 'Antonio', 'Orn', 'terrance24@example.net', '1-325-562-6918', '1986-06-13 08:46:20', '2011-04-11 09:53:08');
INSERT INTO `users` (`id`, `first_name`, `last_name`, `email`, `phone`, `created_at`, `updated_at`) VALUES (89, 'Dee', 'Ryan', 'jesse00@example.com', '851.034.1311x4954', '2017-12-08 14:21:33', '2017-03-29 12:54:01');
INSERT INTO `users` (`id`, `first_name`, `last_name`, `email`, `phone`, `created_at`, `updated_at`) VALUES (90, 'Willie', 'Schmitt', 'danika.huels@example.org', '024.850.0477', '2012-11-15 02:22:47', '1997-09-20 03:57:10');
INSERT INTO `users` (`id`, `first_name`, `last_name`, `email`, `phone`, `created_at`, `updated_at`) VALUES (91, 'Hulda', 'Haag', 'hailie.d\'amore@example.net', '(849)321-0789x53287', '2003-03-20 21:54:34', '2016-06-05 16:52:15');
INSERT INTO `users` (`id`, `first_name`, `last_name`, `email`, `phone`, `created_at`, `updated_at`) VALUES (92, 'Kellen', 'Feil', 'jaquelin35@example.org', '698.828.9870x3083', '1972-09-24 00:54:46', '1993-01-06 15:32:38');
INSERT INTO `users` (`id`, `first_name`, `last_name`, `email`, `phone`, `created_at`, `updated_at`) VALUES (93, 'Mafalda', 'Roberts', 'jkovacek@example.org', '+73(6)3527094930', '1989-03-10 17:58:22', '1971-07-08 14:12:26');
INSERT INTO `users` (`id`, `first_name`, `last_name`, `email`, `phone`, `created_at`, `updated_at`) VALUES (94, 'Matilde', 'Cruickshank', 'alessia72@example.net', '1-710-935-1261x594', '1970-08-05 11:12:20', '2017-09-11 00:38:59');
INSERT INTO `users` (`id`, `first_name`, `last_name`, `email`, `phone`, `created_at`, `updated_at`) VALUES (95, 'Hugh', 'Herman', 'timothy.rowe@example.org', '(780)311-0702x638', '1973-01-15 02:51:56', '1975-06-04 23:39:56');
INSERT INTO `users` (`id`, `first_name`, `last_name`, `email`, `phone`, `created_at`, `updated_at`) VALUES (96, 'Vladimir', 'Ryan', 'xmiller@example.org', '053-204-0676', '1989-08-01 21:04:37', '1988-05-07 11:03:25');
INSERT INTO `users` (`id`, `first_name`, `last_name`, `email`, `phone`, `created_at`, `updated_at`) VALUES (97, 'Milan', 'Morar', 'abshire.hiram@example.org', '778-480-8959', '2019-04-21 22:02:23', '2001-07-21 00:24:18');
INSERT INTO `users` (`id`, `first_name`, `last_name`, `email`, `phone`, `created_at`, `updated_at`) VALUES (98, 'Leopold', 'Purdy', 'wdoyle@example.com', '1-188-997-0893x28870', '1998-06-20 05:58:45', '1983-07-13 04:29:53');
INSERT INTO `users` (`id`, `first_name`, `last_name`, `email`, `phone`, `created_at`, `updated_at`) VALUES (99, 'Nathanial', 'Bins', 'bette.considine@example.org', '1-849-550-3143', '2018-10-20 02:18:54', '1992-09-02 02:21:08');
INSERT INTO `users` (`id`, `first_name`, `last_name`, `email`, `phone`, `created_at`, `updated_at`) VALUES (100, 'Cassandra', 'Reichel', 'manuel50@example.com', '(457)324-3810x6624', '2006-01-05 15:41:49', '1999-06-12 16:29:55');


