-- MySQL dump 10.13  Distrib 8.0.21, for Linux (x86_64)
--
-- Host: localhost    Database: vk
-- ------------------------------------------------------
-- Server version	8.0.21-0ubuntu0.20.04.4

/*!40101 SET @OLD_CHARACTER_SET_CLIENT=@@CHARACTER_SET_CLIENT */;
/*!40101 SET @OLD_CHARACTER_SET_RESULTS=@@CHARACTER_SET_RESULTS */;
/*!40101 SET @OLD_COLLATION_CONNECTION=@@COLLATION_CONNECTION */;
/*!50503 SET NAMES utf8mb4 */;
/*!40103 SET @OLD_TIME_ZONE=@@TIME_ZONE */;
/*!40103 SET TIME_ZONE='+00:00' */;
/*!40014 SET @OLD_UNIQUE_CHECKS=@@UNIQUE_CHECKS, UNIQUE_CHECKS=0 */;
/*!40014 SET @OLD_FOREIGN_KEY_CHECKS=@@FOREIGN_KEY_CHECKS, FOREIGN_KEY_CHECKS=0 */;
/*!40101 SET @OLD_SQL_MODE=@@SQL_MODE, SQL_MODE='NO_AUTO_VALUE_ON_ZERO' */;
/*!40111 SET @OLD_SQL_NOTES=@@SQL_NOTES, SQL_NOTES=0 */;

--
-- Table structure for table `communities`
--

DROP TABLE IF EXISTS `communities`;
/*!40101 SET @saved_cs_client     = @@character_set_client */;
/*!50503 SET character_set_client = utf8mb4 */;
CREATE TABLE `communities` (
  `id` int unsigned NOT NULL AUTO_INCREMENT COMMENT 'Идентификатор сроки',
  `name` varchar(150) CHARACTER SET utf8 COLLATE utf8_unicode_ci NOT NULL COMMENT 'Название группы',
  `created_at` datetime DEFAULT CURRENT_TIMESTAMP COMMENT 'Время создания строки',
  `updated_at` datetime DEFAULT CURRENT_TIMESTAMP ON UPDATE CURRENT_TIMESTAMP COMMENT 'Время обновления строки',
  PRIMARY KEY (`id`),
  UNIQUE KEY `name` (`name`)
) ENGINE=InnoDB AUTO_INCREMENT=21 DEFAULT CHARSET=utf8 COLLATE=utf8_unicode_ci COMMENT='Группы';
/*!40101 SET character_set_client = @saved_cs_client */;

--
-- Dumping data for table `communities`
--

LOCK TABLES `communities` WRITE;
/*!40000 ALTER TABLE `communities` DISABLE KEYS */;
INSERT INTO `communities` VALUES (1,'ut','2001-12-17 15:37:33','1988-04-12 03:53:47'),(2,'adipisci','2003-03-02 23:29:02','2017-12-12 21:29:23'),(3,'quia','1996-05-27 09:57:24','2004-09-11 05:53:32'),(4,'dolor','1987-03-13 18:03:07','1994-12-16 02:20:34'),(5,'voluptas','2015-04-12 09:56:59','2013-03-21 06:47:23'),(6,'ipsa','2015-11-28 00:29:07','2005-10-20 02:11:12'),(7,'vel','1992-02-25 22:44:39','1975-05-06 01:24:10'),(8,'consequatur','1989-10-12 16:04:21','2010-03-07 11:05:47'),(9,'delectus','2015-07-12 21:24:08','1993-12-16 06:37:34'),(10,'amet','1981-07-18 02:43:35','2019-01-18 16:45:29'),(11,'est','2018-01-22 00:19:26','1987-08-13 15:32:19'),(12,'qui','1984-09-27 19:57:05','1998-12-18 00:30:33'),(13,'officiis','1978-09-04 02:38:40','1976-12-24 08:32:26'),(14,'voluptate','1989-11-05 22:51:30','1975-05-13 04:46:09'),(15,'rerum','1972-08-13 20:17:24','1992-03-02 14:55:23'),(16,'reprehenderit','1973-02-06 13:52:04','1992-06-18 23:20:47'),(17,'earum','2001-01-05 01:15:28','1997-08-13 04:03:13'),(18,'exercitationem','2012-03-14 17:07:04','2014-08-22 15:30:45'),(19,'at','2010-02-19 02:29:57','1972-02-01 05:08:53'),(20,'libero','2011-06-29 16:07:34','1996-03-01 02:59:06');
/*!40000 ALTER TABLE `communities` ENABLE KEYS */;
UNLOCK TABLES;

--
-- Table structure for table `communities_users`
--

DROP TABLE IF EXISTS `communities_users`;
/*!40101 SET @saved_cs_client     = @@character_set_client */;
/*!50503 SET character_set_client = utf8mb4 */;
CREATE TABLE `communities_users` (
  `community_id` int unsigned NOT NULL COMMENT 'Ссылка на группу',
  `user_id` int unsigned NOT NULL COMMENT 'Ссылка на пользователя',
  `created_at` datetime DEFAULT CURRENT_TIMESTAMP COMMENT 'Время создания строки',
  PRIMARY KEY (`community_id`,`user_id`) COMMENT 'Составной первичный ключ'
) ENGINE=InnoDB DEFAULT CHARSET=utf8 COLLATE=utf8_unicode_ci COMMENT='Участники групп, связь между пользователями и группами';
/*!40101 SET character_set_client = @saved_cs_client */;

--
-- Dumping data for table `communities_users`
--

LOCK TABLES `communities_users` WRITE;
/*!40000 ALTER TABLE `communities_users` DISABLE KEYS */;
INSERT INTO `communities_users` VALUES (1,11,'2009-01-16 10:20:46'),(1,52,'2001-11-10 22:04:04'),(1,88,'1983-05-03 12:45:06'),(2,12,'1972-02-25 01:51:51'),(3,4,'1998-09-01 18:59:12'),(3,17,'1975-08-01 15:06:32'),(3,34,'2006-02-09 05:54:04'),(3,57,'1998-10-12 18:27:28'),(3,73,'1989-12-04 10:24:20'),(3,78,'1998-09-08 03:38:38'),(3,81,'1982-07-21 11:06:00'),(3,86,'1997-01-06 23:26:37'),(4,41,'1989-06-04 01:50:39'),(4,45,'1992-08-23 09:07:23'),(4,66,'1988-06-15 03:13:56'),(4,71,'1985-01-24 09:03:05'),(4,83,'1998-08-05 23:49:44'),(4,87,'1987-07-07 15:15:51'),(5,18,'1981-12-07 23:19:51'),(5,21,'2019-05-27 05:27:01'),(5,24,'1999-08-13 00:07:42'),(5,54,'1989-10-05 19:29:08'),(5,62,'1985-06-02 06:14:47'),(5,63,'1997-08-07 11:39:27'),(5,68,'2019-06-12 20:04:39'),(5,76,'1999-11-16 13:23:14'),(5,94,'1978-03-11 19:45:14'),(5,98,'2019-06-14 12:03:10'),(6,3,'1982-04-18 13:45:25'),(6,13,'1977-05-11 08:08:10'),(6,29,'2016-10-19 17:08:22'),(6,31,'1997-11-22 13:41:17'),(6,32,'2008-05-23 03:05:55'),(6,43,'1991-08-12 13:54:20'),(6,46,'1978-04-15 15:19:44'),(7,40,'2016-03-03 07:23:14'),(7,61,'2018-08-24 01:40:48'),(8,10,'1995-03-30 04:03:40'),(8,25,'2020-08-28 20:25:44'),(8,28,'2002-06-09 02:25:02'),(8,42,'1990-08-16 18:04:50'),(8,60,'1996-04-12 21:32:57'),(8,84,'2014-02-23 00:55:19'),(8,89,'1990-10-29 16:32:44'),(8,93,'2004-06-18 17:10:52'),(9,14,'1986-05-31 07:32:44'),(9,23,'2018-05-01 14:47:16'),(9,50,'1989-03-26 08:35:45'),(9,51,'1983-09-25 02:36:41'),(9,53,'2006-11-25 15:59:54'),(9,72,'1984-08-29 11:57:54'),(9,97,'2012-05-17 17:40:11'),(10,9,'1988-12-19 20:01:35'),(10,56,'2011-06-08 15:46:02'),(10,79,'1988-10-13 12:37:39'),(11,96,'1989-08-21 23:57:54'),(11,100,'1988-03-02 21:28:19'),(12,27,'1996-12-15 02:10:53'),(12,75,'2008-05-16 00:05:38'),(12,90,'2013-11-03 11:50:50'),(13,33,'2014-12-10 11:37:55'),(13,65,'1983-09-10 22:09:09'),(14,2,'2007-07-04 03:39:44'),(14,30,'2013-04-13 20:35:14'),(14,35,'2017-09-25 15:29:08'),(14,44,'1975-12-29 17:51:47'),(14,48,'2000-09-20 03:51:42'),(14,64,'1971-10-13 11:17:47'),(14,95,'2000-06-20 07:39:35'),(15,26,'1996-01-16 20:12:56'),(15,55,'1975-03-07 06:06:24'),(15,85,'2008-11-18 14:59:01'),(15,91,'1977-09-14 14:26:46'),(16,6,'1978-01-13 11:35:41'),(16,8,'1979-11-13 13:05:07'),(16,16,'2007-07-18 12:51:37'),(16,20,'1999-03-18 15:47:25'),(16,36,'2007-10-30 03:02:06'),(16,58,'2000-01-29 06:49:55'),(16,74,'1977-06-15 05:39:46'),(17,69,'1986-05-30 20:30:17'),(17,99,'1985-06-24 05:17:50'),(18,15,'2003-01-24 07:42:34'),(18,22,'2005-09-24 22:56:15'),(18,37,'2018-11-16 02:14:47'),(18,38,'1990-06-10 14:43:15'),(18,59,'1971-01-23 23:04:33'),(18,92,'1975-06-19 00:25:07'),(19,5,'1980-08-02 03:47:02'),(19,19,'2001-09-12 14:22:16'),(19,39,'1993-08-17 13:39:42'),(19,47,'2009-07-27 13:44:10'),(19,49,'1983-01-22 01:57:51'),(19,80,'2007-02-07 01:37:31'),(20,1,'2006-06-25 17:02:54'),(20,7,'1974-04-05 04:43:42'),(20,67,'1994-09-17 01:26:43'),(20,70,'2009-10-08 20:45:23'),(20,77,'2004-11-15 18:30:25'),(20,82,'2006-06-04 23:36:54');
/*!40000 ALTER TABLE `communities_users` ENABLE KEYS */;
UNLOCK TABLES;

--
-- Table structure for table `friendship_statuses`
--

DROP TABLE IF EXISTS `friendship_statuses`;
/*!40101 SET @saved_cs_client     = @@character_set_client */;
/*!50503 SET character_set_client = utf8mb4 */;
CREATE TABLE `friendship_statuses` (
  `id` int unsigned NOT NULL AUTO_INCREMENT COMMENT 'Идентификатор строки',
  `name` varchar(150) CHARACTER SET utf8 COLLATE utf8_unicode_ci NOT NULL COMMENT 'Название статуса',
  `created_at` datetime DEFAULT CURRENT_TIMESTAMP COMMENT 'Время создания строки',
  `updated_at` datetime DEFAULT CURRENT_TIMESTAMP ON UPDATE CURRENT_TIMESTAMP COMMENT 'Время обновления строки',
  PRIMARY KEY (`id`),
  UNIQUE KEY `name` (`name`)
) ENGINE=InnoDB AUTO_INCREMENT=4 DEFAULT CHARSET=utf8 COLLATE=utf8_unicode_ci COMMENT='Статусы дружбы';
/*!40101 SET character_set_client = @saved_cs_client */;

--
-- Dumping data for table `friendship_statuses`
--

LOCK TABLES `friendship_statuses` WRITE;
/*!40000 ALTER TABLE `friendship_statuses` DISABLE KEYS */;
INSERT INTO `friendship_statuses` VALUES (1,'Requested','2020-09-10 18:40:17','2020-09-10 18:40:17'),(2,'Confirmed','2020-09-10 18:40:17','2020-09-10 18:40:17'),(3,'Rejected','2020-09-10 18:40:17','2020-09-10 18:40:17');
/*!40000 ALTER TABLE `friendship_statuses` ENABLE KEYS */;
UNLOCK TABLES;

--
-- Table structure for table `friendships`
--

DROP TABLE IF EXISTS `friendships`;
/*!40101 SET @saved_cs_client     = @@character_set_client */;
/*!50503 SET character_set_client = utf8mb4 */;
CREATE TABLE `friendships` (
  `user_id` int unsigned NOT NULL COMMENT 'Ссылка на инициатора дружеских отношений',
  `friend_id` int unsigned NOT NULL COMMENT 'Ссылка на получателя приглашения дружить',
  `status_id` int unsigned NOT NULL COMMENT 'Ссылка на статус (текущее состояние) отношений',
  `requested_at` datetime DEFAULT CURRENT_TIMESTAMP COMMENT 'Время отправления приглашения дружить',
  `confirmed_at` datetime DEFAULT NULL COMMENT 'Время подтверждения приглашения',
  `created_at` datetime DEFAULT CURRENT_TIMESTAMP COMMENT 'Время создания строки',
  `updated_at` datetime DEFAULT CURRENT_TIMESTAMP ON UPDATE CURRENT_TIMESTAMP COMMENT 'Время обновления строки',
  PRIMARY KEY (`user_id`,`friend_id`) COMMENT 'Составной первичный ключ'
) ENGINE=InnoDB DEFAULT CHARSET=utf8 COLLATE=utf8_unicode_ci COMMENT='Таблица дружбы';
/*!40101 SET character_set_client = @saved_cs_client */;

--
-- Dumping data for table `friendships`
--

LOCK TABLES `friendships` WRITE;
/*!40000 ALTER TABLE `friendships` DISABLE KEYS */;
INSERT INTO `friendships` VALUES (2,35,3,'2011-11-14 19:26:50','1993-11-05 13:45:28','2013-03-11 07:35:17','2020-09-10 18:40:42'),(3,34,2,'1998-02-19 17:44:09','1972-10-29 12:05:14','1981-09-18 06:15:36','2020-09-10 18:40:42'),(3,92,1,'1984-12-18 21:41:23','1977-06-15 08:30:19','2000-11-17 04:53:29','2020-09-10 18:40:42'),(5,67,2,'1984-04-06 20:11:51','1977-09-03 13:05:47','2000-10-02 07:29:00','2020-09-10 18:40:42'),(7,14,2,'1979-11-05 01:37:01','1997-07-03 00:47:59','2011-07-18 18:20:55','2020-09-10 18:40:42'),(7,52,2,'1987-06-01 18:00:28','2017-01-22 04:45:02','2000-10-22 07:06:26','2020-09-10 18:40:42'),(8,31,1,'1980-07-19 17:07:22','2018-11-16 02:06:50','1990-08-16 12:16:05','2020-09-10 18:40:42'),(9,12,3,'1997-02-17 14:02:27','1981-07-12 00:19:12','1978-10-01 00:34:42','2020-09-10 18:40:42'),(10,23,3,'2018-05-03 22:15:33','2019-02-04 02:43:41','2004-07-09 03:40:49','2020-09-10 18:40:42'),(10,53,2,'2009-06-05 02:22:07','2005-07-20 10:50:18','1997-04-07 13:41:43','2020-09-10 18:40:42'),(12,16,1,'1983-11-01 11:59:24','1987-11-14 03:13:44','1976-12-12 21:15:02','2020-09-10 18:40:42'),(15,5,2,'1972-04-27 00:26:17','1978-07-18 00:49:57','1989-01-26 13:38:09','2020-09-10 18:40:42'),(16,17,3,'2001-03-10 21:00:50','1985-01-18 15:29:13','2020-02-20 11:43:52','2020-09-10 18:40:42'),(18,15,1,'1970-02-09 00:59:29','1978-07-28 11:02:55','2016-09-24 17:26:07','2020-09-10 18:40:42'),(18,49,2,'2013-02-28 17:05:38','1978-05-18 01:46:58','1972-08-02 17:05:17','2020-09-10 18:38:56'),(18,85,3,'2001-04-22 23:48:09','2010-12-12 16:22:59','1996-08-05 18:28:21','2020-09-10 18:38:56'),(20,24,3,'1973-06-22 16:21:39','2012-05-06 02:17:56','2008-02-21 12:44:11','2020-09-10 18:40:42'),(20,50,2,'2017-09-20 23:17:32','1993-07-25 21:07:39','1987-05-18 09:58:13','2020-09-10 18:40:42'),(21,4,1,'1973-01-20 01:19:25','2017-08-31 06:32:29','1975-05-22 14:47:55','2020-09-10 18:40:42'),(22,8,1,'1977-02-21 07:57:53','2000-07-19 01:33:50','1979-01-11 11:50:48','2020-09-10 18:40:42'),(23,2,1,'2013-10-11 16:11:47','1972-02-05 07:36:58','2014-01-19 20:52:45','2020-09-10 18:40:42'),(23,57,3,'1999-06-23 00:20:32','2016-12-26 17:43:14','1988-04-28 13:34:33','2020-09-10 18:40:42'),(24,72,2,'2015-07-09 06:51:52','1986-07-06 15:54:10','2017-09-20 17:59:34','2020-09-10 18:40:42'),(25,49,3,'1983-01-02 12:24:41','1974-11-11 03:12:55','2013-01-30 02:55:26','2020-09-10 18:40:42'),(28,25,2,'1995-09-05 01:39:22','1990-03-07 14:48:03','2012-07-26 13:10:55','2020-09-10 18:40:42'),(29,84,1,'1993-07-29 16:55:38','2012-03-13 07:08:46','2002-07-25 03:41:24','2020-09-10 18:40:42'),(29,99,2,'2009-11-04 07:30:30','1998-02-15 04:06:18','1998-02-13 08:47:43','2020-09-10 18:40:42'),(30,15,1,'2020-02-01 20:54:55','1972-11-23 00:34:36','1989-01-27 22:38:20','2020-09-10 18:40:42'),(31,4,3,'1991-02-21 21:27:54','1999-04-06 20:18:12','1992-09-20 10:32:51','2020-09-10 18:40:42'),(32,4,1,'1972-11-05 10:39:10','1978-07-27 02:43:53','1996-07-14 12:50:34','2020-09-10 18:40:42'),(32,41,3,'1994-09-07 17:52:00','1973-10-20 12:36:14','2016-01-08 14:05:32','2020-09-10 18:40:42'),(32,86,2,'2005-06-24 21:54:23','1997-01-22 15:19:10','1978-02-11 15:05:41','2020-09-10 18:40:42'),(33,18,1,'2006-01-01 17:01:54','1976-02-09 08:02:05','1975-12-30 12:28:39','2020-09-10 18:40:42'),(33,23,2,'1977-02-06 01:05:05','2019-10-19 00:17:01','2000-05-17 17:14:32','2020-09-10 18:38:56'),(33,71,2,'1985-05-18 02:05:18','1993-11-05 10:57:43','1975-11-27 21:17:32','2020-09-10 18:40:42'),(35,14,1,'1981-02-14 19:00:30','1977-04-29 01:04:32','2010-11-17 21:38:39','2020-09-10 18:40:42'),(38,31,2,'2017-08-12 03:43:27','2002-10-11 01:54:06','2003-01-04 10:58:30','2020-09-10 18:40:42'),(38,55,3,'1991-01-21 05:38:39','1987-11-11 02:43:30','2001-10-02 22:10:09','2020-09-10 18:40:42'),(40,36,2,'2018-07-11 11:50:56','2004-09-15 12:20:15','1993-08-14 12:08:08','2020-09-10 18:40:42'),(41,100,1,'1995-06-09 17:40:27','2004-12-23 20:16:46','2016-03-31 15:28:05','2020-09-10 18:38:56'),(42,45,3,'2016-01-09 23:54:49','1973-03-19 08:15:48','1998-07-01 05:44:40','2020-09-10 18:40:42'),(43,38,1,'1982-08-28 23:49:03','2015-02-01 04:59:42','2001-12-19 23:32:42','2020-09-10 18:40:42'),(44,23,3,'2000-05-07 08:23:56','1981-06-21 07:47:39','1974-04-14 21:15:42','2020-09-10 18:40:42'),(46,83,1,'1974-06-02 09:48:11','2013-06-11 13:52:16','1983-02-13 11:43:39','2020-09-10 18:40:42'),(46,87,1,'2001-10-05 14:08:38','2016-09-18 14:56:43','2005-06-14 01:52:28','2020-09-10 18:40:42'),(47,92,3,'2003-05-02 22:34:44','2005-10-03 00:12:06','2007-08-19 03:55:25','2020-09-10 18:40:42'),(51,26,1,'2008-04-06 12:52:44','2014-07-13 01:10:16','1976-01-17 18:07:23','2020-09-10 18:38:56'),(52,30,3,'2010-09-01 13:40:25','1997-11-12 15:46:01','2011-07-18 07:44:25','2020-09-10 18:40:42'),(52,83,3,'2016-02-15 21:33:11','1978-04-20 01:07:05','1972-10-06 09:48:09','2020-09-10 18:40:42'),(54,21,2,'1972-05-16 19:54:25','2000-04-20 18:33:29','1984-03-18 04:35:15','2020-09-10 18:40:42'),(56,67,2,'1978-10-13 17:00:56','2009-11-02 14:00:40','1976-01-17 19:47:53','2020-09-10 18:40:42'),(56,69,1,'2010-02-04 05:02:13','2015-10-23 15:49:16','2006-08-21 13:34:07','2020-09-10 18:38:56'),(57,20,3,'2020-02-10 11:22:46','1989-03-29 19:53:23','1988-11-20 08:00:13','2020-09-10 18:40:42'),(57,36,2,'2017-11-05 07:47:07','1975-05-01 02:33:14','1994-06-19 04:48:40','2020-09-10 18:40:42'),(59,81,1,'1989-03-29 01:56:41','2019-05-22 22:03:49','1974-10-28 23:45:06','2020-09-10 18:40:42'),(59,87,3,'2016-11-17 00:39:32','2017-08-28 23:01:48','2007-07-21 12:05:00','2020-09-10 18:40:42'),(60,34,2,'1999-09-03 09:01:43','1991-10-10 23:09:24','1983-10-07 07:24:00','2020-09-10 18:40:42'),(60,35,3,'1973-03-05 04:25:58','1999-06-27 00:54:04','1991-03-01 10:26:55','2020-09-10 18:40:42'),(60,93,1,'1986-07-22 10:59:57','1997-02-18 01:29:42','1981-11-02 08:59:03','2020-09-10 18:40:42'),(61,1,3,'1997-12-20 08:50:29','2000-04-09 03:30:37','1972-05-05 11:16:32','2020-09-10 18:40:42'),(61,29,3,'1996-04-25 12:41:26','1993-09-14 11:42:25','2019-02-10 16:10:19','2020-09-10 18:40:42'),(62,9,2,'2004-09-21 12:50:51','1987-12-03 04:56:57','2004-02-12 08:35:36','2020-09-10 18:40:42'),(62,81,1,'1979-09-04 20:49:01','1978-08-10 22:30:20','2000-06-12 09:52:24','2020-09-10 18:38:56'),(63,80,3,'1987-02-20 12:02:18','2015-03-27 04:14:41','1973-12-01 00:17:17','2020-09-10 18:38:56'),(65,34,1,'2004-12-29 01:37:25','2018-03-13 10:24:02','1992-08-12 23:24:04','2020-09-10 18:40:42'),(65,83,2,'1975-05-21 11:38:45','2003-11-10 04:39:01','1986-01-04 23:50:16','2020-09-10 18:40:42'),(66,24,2,'1993-02-16 10:39:30','2009-07-22 23:27:27','1993-01-05 10:15:43','2020-09-10 18:40:42'),(66,88,3,'2009-05-18 03:24:55','1995-12-25 05:58:46','2010-09-13 19:38:37','2020-09-10 18:40:42'),(67,33,3,'2001-01-10 23:33:52','2015-10-08 19:49:00','1996-04-04 19:24:57','2020-09-10 18:40:42'),(68,14,3,'2000-03-17 07:04:27','1976-01-17 16:58:25','2007-09-14 08:38:42','2020-09-10 18:40:42'),(68,86,3,'1985-03-20 09:21:26','1993-01-31 07:12:13','1975-08-28 10:45:21','2020-09-10 18:40:42'),(69,98,2,'1999-08-20 17:35:22','1991-04-12 05:51:05','2019-02-18 20:06:48','2020-09-10 18:40:42'),(74,20,3,'1985-12-16 12:54:44','2010-02-05 21:36:38','1985-05-06 09:13:28','2020-09-10 18:40:42'),(74,44,3,'1981-09-18 05:55:36','2011-05-21 00:45:20','2016-04-12 02:06:42','2020-09-10 18:40:42'),(75,26,2,'1987-02-19 19:22:57','2007-04-09 08:14:27','1988-05-29 09:16:43','2020-09-10 18:40:42'),(75,69,1,'1988-12-10 11:50:55','1974-02-28 08:10:24','1977-09-28 23:15:26','2020-09-10 18:40:42'),(76,62,3,'2019-07-31 03:31:26','1975-06-29 07:59:37','1989-12-21 21:12:10','2020-09-10 18:40:42'),(76,77,3,'2000-01-21 11:04:42','2005-08-14 13:39:05','2014-09-03 07:55:12','2020-09-10 18:40:42'),(76,78,1,'2008-12-14 01:09:58','1976-04-02 09:37:13','2011-12-18 16:38:00','2020-09-10 18:40:42'),(77,7,1,'1976-10-04 03:16:26','2003-10-02 22:29:49','1997-04-09 04:04:35','2020-09-10 18:40:42'),(78,13,3,'2011-05-08 09:50:49','1980-10-31 20:53:17','1998-06-03 13:31:50','2020-09-10 18:40:42'),(79,83,2,'1990-04-17 14:27:06','1972-11-11 17:18:58','1986-08-27 02:15:27','2020-09-10 18:40:42'),(81,42,1,'1973-07-08 17:48:26','1996-09-14 19:04:10','1993-11-09 23:57:27','2020-09-10 18:40:42'),(83,21,3,'2009-03-11 01:07:17','1970-04-12 16:32:41','1984-08-22 23:55:48','2020-09-10 18:40:42'),(83,25,2,'1985-03-13 19:48:19','2016-04-25 11:14:09','1988-01-02 12:22:45','2020-09-10 18:40:42'),(84,52,2,'1974-07-27 15:15:07','1996-10-25 23:17:23','2017-01-20 04:08:31','2020-09-10 18:40:42'),(85,79,2,'1975-04-08 15:11:01','2014-08-02 02:57:20','2000-11-22 05:35:05','2020-09-10 18:40:42'),(86,58,3,'2010-12-12 03:34:53','2020-05-04 00:27:59','1987-03-16 09:53:17','2020-09-10 18:40:42'),(87,83,1,'1995-04-02 21:37:31','2000-01-29 02:12:24','1989-04-07 20:34:49','2020-09-10 18:40:42'),(88,39,1,'1991-03-13 17:51:35','2017-07-23 14:35:39','2011-04-26 12:20:20','2020-09-10 18:40:42'),(88,91,2,'1971-02-11 21:08:08','2018-06-02 10:57:26','2009-09-12 02:09:33','2020-09-10 18:40:42'),(88,95,2,'1990-04-11 15:28:47','1980-03-12 15:41:21','2006-03-01 08:53:18','2020-09-10 18:40:42'),(90,33,1,'1976-09-19 14:20:58','1993-04-21 11:59:33','1977-03-03 14:42:18','2020-09-10 18:40:42'),(90,76,1,'1980-11-06 14:09:26','1989-07-21 00:36:53','1985-07-26 09:49:15','2020-09-10 18:38:56'),(93,68,1,'1996-03-31 11:52:17','2008-07-08 12:03:11','2015-12-08 21:41:45','2020-09-10 18:40:42'),(94,78,3,'1981-09-05 23:09:04','1982-09-19 14:23:02','1970-12-18 10:20:51','2020-09-10 18:40:42'),(96,21,3,'1987-12-09 23:17:22','2018-05-16 07:23:17','1995-08-06 10:52:45','2020-09-10 18:40:42'),(96,47,3,'1994-03-11 00:01:44','1994-05-27 12:35:31','1983-11-16 16:34:43','2020-09-10 18:38:56'),(96,73,3,'2007-11-26 17:23:25','1971-01-03 00:08:19','1996-05-18 02:52:38','2020-09-10 18:40:42'),(98,60,1,'1997-03-25 02:57:59','2017-02-16 04:36:50','2003-12-25 12:49:16','2020-09-10 18:40:42');
/*!40000 ALTER TABLE `friendships` ENABLE KEYS */;
UNLOCK TABLES;

--
-- Table structure for table `media`
--

DROP TABLE IF EXISTS `media`;
/*!40101 SET @saved_cs_client     = @@character_set_client */;
/*!50503 SET character_set_client = utf8mb4 */;
CREATE TABLE `media` (
  `id` int unsigned NOT NULL AUTO_INCREMENT COMMENT 'Идентификатор строки',
  `user_id` int unsigned NOT NULL COMMENT 'Ссылка на пользователя, который загрузил файл',
  `filename` varchar(255) CHARACTER SET utf8 COLLATE utf8_unicode_ci NOT NULL COMMENT 'Путь к файлу',
  `size` int NOT NULL COMMENT 'Размер файла',
  `metadata` json DEFAULT NULL,
  `media_type_id` int unsigned NOT NULL COMMENT 'Ссылка на тип контента',
  `created_at` datetime DEFAULT CURRENT_TIMESTAMP COMMENT 'Время создания строки',
  `updated_at` datetime DEFAULT CURRENT_TIMESTAMP ON UPDATE CURRENT_TIMESTAMP COMMENT 'Время обновления строки',
  PRIMARY KEY (`id`)
) ENGINE=InnoDB AUTO_INCREMENT=101 DEFAULT CHARSET=utf8 COLLATE=utf8_unicode_ci COMMENT='Медиафайлы';
/*!40101 SET character_set_client = @saved_cs_client */;

--
-- Dumping data for table `media`
--

LOCK TABLES `media` WRITE;
/*!40000 ALTER TABLE `media` DISABLE KEYS */;
INSERT INTO `media` VALUES (1,18,'https://s3.aws.amazon.com/vk/EvWalker.avi',36681,'{\"owner\": \"Lewis Gleichner\"}',2,'1984-03-28 02:27:04','2020-09-10 18:35:30'),(2,7,'https://s3.aws.amazon.com/vk/AuHaag.jpeg',26272,'{\"owner\": \"Wellington Mosciski\"}',2,'2001-04-21 19:16:34','2020-09-10 18:35:30'),(3,82,'https://s3.aws.amazon.com/vk/ImSchmitt.jpeg',35252,'{\"owner\": \"Zoe Schultz\"}',3,'1990-01-06 09:13:28','2020-09-10 18:35:30'),(4,89,'https://s3.aws.amazon.com/vk/SiConroy.avi',18294,'{\"owner\": \"Dee Ryan\"}',1,'2005-08-29 03:10:56','2020-09-10 18:35:30'),(5,99,'https://s3.aws.amazon.com/vk/PaUpton.jpeg',21074,'{\"owner\": \"Nathanial Bins\"}',3,'1995-10-20 15:08:16','2020-09-10 18:35:30'),(6,25,'https://s3.aws.amazon.com/vk/EtCrona.jpeg',32500,'{\"owner\": \"Willa Cummerata\"}',1,'1984-04-08 13:00:34','2020-09-10 18:35:30'),(7,29,'https://s3.aws.amazon.com/vk/VoSchmitt.avi',28784,'{\"owner\": \"Modesto Emard\"}',3,'2020-06-21 01:17:24','2020-09-10 18:35:30'),(8,70,'https://s3.aws.amazon.com/vk/AnCarroll.jpeg',31385,'{\"owner\": \"Ethel Harvey\"}',1,'1999-01-26 05:11:58','2020-09-10 18:35:30'),(9,63,'https://s3.aws.amazon.com/vk/IdTremblay.avi',31577,'{\"owner\": \"Norma Sauer\"}',1,'2016-01-14 11:28:34','2020-09-10 18:35:30'),(10,3,'https://s3.aws.amazon.com/vk/EvHaag.mpeg',27761,'{\"owner\": \"Zula Crona\"}',1,'1981-05-21 03:37:07','2020-09-10 18:35:30'),(11,26,'https://s3.aws.amazon.com/vk/AcHegmann.mpeg',35897,'{\"owner\": \"Kristy Connelly\"}',1,'2011-06-22 15:15:32','2020-09-10 18:35:30'),(12,19,'https://s3.aws.amazon.com/vk/QuHills.png',24052,'{\"owner\": \"Jailyn Rosenbaum\"}',2,'2012-06-05 00:56:27','2020-09-10 18:35:30'),(13,17,'https://s3.aws.amazon.com/vk/ExWitting.avi',33896,'{\"owner\": \"Shanon Stiedemann\"}',2,'1973-01-08 08:16:20','2020-09-10 18:35:30'),(14,26,'https://s3.aws.amazon.com/vk/QuConroy.mpeg',384808,'{\"owner\": \"Kristy Connelly\"}',3,'2013-02-20 09:12:51','2020-09-10 18:35:30'),(15,81,'https://s3.aws.amazon.com/vk/ReConsidine.jpeg',31703,'{\"owner\": \"Bridget Krajcik\"}',1,'2018-02-07 10:15:32','2020-09-10 18:35:30'),(16,26,'https://s3.aws.amazon.com/vk/OmMante.avi',33753,'{\"owner\": \"Kristy Connelly\"}',1,'2012-03-26 04:24:04','2020-09-10 18:35:30'),(17,88,'https://s3.aws.amazon.com/vk/PeBalistreri.jpeg',12287,'{\"owner\": \"Antonio Orn\"}',2,'1985-04-23 03:05:19','2020-09-10 18:35:30'),(18,60,'https://s3.aws.amazon.com/vk/EtPurdy.mpeg',15767,'{\"owner\": \"Ahmed Abshire\"}',2,'2018-06-08 07:45:44','2020-09-10 18:35:30'),(19,38,'https://s3.aws.amazon.com/vk/QuWeimann.jpeg',11826,'{\"owner\": \"Marcus Walker\"}',1,'1982-12-24 19:02:15','2020-09-10 18:35:30'),(20,6,'https://s3.aws.amazon.com/vk/AuCummerata.png',681567,'{\"owner\": \"Mauricio Johns\"}',3,'2005-02-04 13:26:18','2020-09-10 18:35:30'),(21,17,'https://s3.aws.amazon.com/vk/EaLittel.mpeg',38471,'{\"owner\": \"Shanon Stiedemann\"}',1,'2002-09-22 22:32:47','2020-09-10 18:35:30'),(22,65,'https://s3.aws.amazon.com/vk/VoKuphal.png',10075,'{\"owner\": \"Norbert Considine\"}',3,'2001-12-24 20:25:38','2020-09-10 18:35:30'),(23,76,'https://s3.aws.amazon.com/vk/IpSchmitt.png',25613,'{\"owner\": \"Marianne Witting\"}',2,'1978-05-11 07:11:58','2020-09-10 18:35:30'),(24,84,'https://s3.aws.amazon.com/vk/UtWalker.jpeg',34771,'{\"owner\": \"Jermaine Dare\"}',3,'2004-09-17 14:51:12','2020-09-10 18:35:30'),(25,89,'https://s3.aws.amazon.com/vk/EoRoberts.jpeg',30142,'{\"owner\": \"Dee Ryan\"}',3,'1971-12-11 11:41:14','2020-09-10 18:35:30'),(26,95,'https://s3.aws.amazon.com/vk/NoSmith.avi',21208,'{\"owner\": \"Hugh Herman\"}',2,'2003-11-12 22:01:04','2020-09-10 18:35:30'),(27,8,'https://s3.aws.amazon.com/vk/AuJohns.jpeg',20273,'{\"owner\": \"Yoshiko Satterfield\"}',3,'2000-06-17 19:51:39','2020-09-10 18:35:30'),(28,55,'https://s3.aws.amazon.com/vk/DoHaley.png',12360,'{\"owner\": \"Roel Wunsch\"}',1,'1970-12-10 02:36:03','2020-09-10 18:35:30'),(29,51,'https://s3.aws.amazon.com/vk/BlHaley.avi',18016,'{\"owner\": \"Jack Torphy\"}',3,'1970-03-29 17:39:37','2020-09-10 18:35:30'),(30,88,'https://s3.aws.amazon.com/vk/CuFeil.png',16384,'{\"owner\": \"Antonio Orn\"}',1,'1985-11-30 09:49:32','2020-09-10 18:35:30'),(31,88,'https://s3.aws.amazon.com/vk/SaCarroll.png',30024,'{\"owner\": \"Antonio Orn\"}',3,'1992-04-04 02:59:00','2020-09-10 18:35:30'),(32,74,'https://s3.aws.amazon.com/vk/OfMann.mpeg',29766,'{\"owner\": \"Shanelle Powlowski\"}',2,'2007-05-06 03:46:30','2020-09-10 18:35:30'),(33,5,'https://s3.aws.amazon.com/vk/TeHayes.mpeg',21827,'{\"owner\": \"Yoshiko Smith\"}',3,'2006-12-05 01:56:56','2020-09-10 18:35:30'),(34,5,'https://s3.aws.amazon.com/vk/QuUpton.avi',256563,'{\"owner\": \"Yoshiko Smith\"}',1,'2000-06-27 18:58:48','2020-09-10 18:35:30'),(35,6,'https://s3.aws.amazon.com/vk/UtCruickshank.jpeg',29315,'{\"owner\": \"Mauricio Johns\"}',2,'1984-06-14 00:55:48','2020-09-10 18:35:30'),(36,17,'https://s3.aws.amazon.com/vk/ExSchmitt.avi',29377,'{\"owner\": \"Shanon Stiedemann\"}',3,'1980-03-16 12:49:27','2020-09-10 18:35:30'),(37,65,'https://s3.aws.amazon.com/vk/NeKrajcik.png',286057,'{\"owner\": \"Norbert Considine\"}',1,'1977-09-01 11:24:50','2020-09-10 18:35:30'),(38,74,'https://s3.aws.amazon.com/vk/ReWilkinson.avi',26545,'{\"owner\": \"Shanelle Powlowski\"}',3,'2003-04-23 14:36:00','2020-09-10 18:35:30'),(39,73,'https://s3.aws.amazon.com/vk/EiPowlowski.avi',9434,'{\"owner\": \"Violet Upton\"}',3,'2016-06-18 03:15:33','2020-09-10 18:35:30'),(40,43,'https://s3.aws.amazon.com/vk/AuKassulke.avi',5083,'{\"owner\": \"Eleonore Mann\"}',3,'2007-09-14 19:03:35','2020-09-10 18:35:30'),(41,95,'https://s3.aws.amazon.com/vk/UtUpton.jpeg',10026,'{\"owner\": \"Hugh Herman\"}',1,'2018-12-22 13:08:26','2020-09-10 18:35:30'),(42,47,'https://s3.aws.amazon.com/vk/EsTremblay.avi',31734,'{\"owner\": \"Devante Russel\"}',3,'2001-02-19 12:43:13','2020-09-10 18:35:30'),(43,51,'https://s3.aws.amazon.com/vk/DoKrajcik.avi',7078,'{\"owner\": \"Jack Torphy\"}',3,'2016-07-06 15:52:30','2020-09-10 18:35:30'),(44,12,'https://s3.aws.amazon.com/vk/QuWilkinson.jpeg',662253,'{\"owner\": \"Penelope Haley\"}',3,'1979-01-30 14:42:31','2020-09-10 18:35:30'),(45,7,'https://s3.aws.amazon.com/vk/UnAbshire.avi',26229,'{\"owner\": \"Wellington Mosciski\"}',1,'1999-07-11 01:18:34','2020-09-10 18:35:30'),(46,97,'https://s3.aws.amazon.com/vk/EaCarroll.png',962254,'{\"owner\": \"Milan Morar\"}',2,'1998-02-08 19:46:25','2020-09-10 18:35:30'),(47,64,'https://s3.aws.amazon.com/vk/PoSporer.avi',10787,'{\"owner\": \"Lia McClure\"}',1,'1981-12-08 06:39:32','2020-09-10 18:35:30'),(48,27,'https://s3.aws.amazon.com/vk/UtAbshire.png',9826,'{\"owner\": \"Breanne Green\"}',2,'1970-02-02 18:47:25','2020-09-10 18:35:30'),(49,44,'https://s3.aws.amazon.com/vk/DoBalistreri.avi',18755,'{\"owner\": \"Fleta Cruickshank\"}',3,'2004-05-13 14:32:08','2020-09-10 18:35:30'),(50,40,'https://s3.aws.amazon.com/vk/ExAbshire.avi',20671,'{\"owner\": \"Chadd Windler\"}',3,'1977-03-16 10:52:15','2020-09-10 18:35:30'),(51,66,'https://s3.aws.amazon.com/vk/LaSchmitt.avi',30889,'{\"owner\": \"Layla Harvey\"}',2,'1997-05-28 20:00:11','2020-09-10 18:35:30'),(52,10,'https://s3.aws.amazon.com/vk/AtRosenbaum.mpeg',33972,'{\"owner\": \"Gunnar Sawayn\"}',3,'2007-05-13 02:49:14','2020-09-10 18:35:30'),(53,50,'https://s3.aws.amazon.com/vk/AuLarkin.png',11757,'{\"owner\": \"Muriel Huels\"}',2,'1985-02-08 23:24:44','2020-09-10 18:35:30'),(54,19,'https://s3.aws.amazon.com/vk/IpStreich.avi',650596,'{\"owner\": \"Jailyn Rosenbaum\"}',1,'1982-08-18 05:46:23','2020-09-10 18:35:30'),(55,44,'https://s3.aws.amazon.com/vk/HaHoeger.jpeg',9049,'{\"owner\": \"Fleta Cruickshank\"}',2,'2002-11-18 16:09:33','2020-09-10 18:35:30'),(56,62,'https://s3.aws.amazon.com/vk/PoConsidine.mpeg',17408,'{\"owner\": \"Lavern Weissnat\"}',2,'1997-08-03 06:15:07','2020-09-10 18:35:30'),(57,77,'https://s3.aws.amazon.com/vk/SuFeest.avi',31680,'{\"owner\": \"Bria Haley\"}',3,'2015-12-13 21:27:25','2020-09-10 18:35:30'),(58,100,'https://s3.aws.amazon.com/vk/NiKunze.jpeg',25687,'{\"owner\": \"Cassandra Reichel\"}',1,'2008-03-17 17:08:46','2020-09-10 18:35:30'),(59,68,'https://s3.aws.amazon.com/vk/MiFeest.avi',33264,'{\"owner\": \"Zaria Weimann\"}',2,'1982-07-28 11:48:47','2020-09-10 18:35:30'),(60,42,'https://s3.aws.amazon.com/vk/ReWeimann.avi',18207,'{\"owner\": \"Gerard O\'Keefe\"}',3,'2016-09-17 09:09:28','2020-09-10 18:35:30'),(61,2,'https://s3.aws.amazon.com/vk/NoKuphal.avi',13534,'{\"owner\": \"Shanelle Gorczany\"}',2,'1970-05-04 22:16:05','2020-09-10 18:35:30'),(62,85,'https://s3.aws.amazon.com/vk/QuSchuppe.avi',26287,'{\"owner\": \"Ida Mohr\"}',1,'2009-11-06 23:57:03','2020-09-10 18:35:30'),(63,18,'https://s3.aws.amazon.com/vk/SiCrona.png',18032,'{\"owner\": \"Lewis Gleichner\"}',1,'2002-04-18 19:55:22','2020-09-10 18:35:30'),(64,36,'https://s3.aws.amazon.com/vk/FuFeil.png',25946,'{\"owner\": \"Sadie Hayes\"}',1,'2011-09-23 18:43:06','2020-09-10 18:35:30'),(65,26,'https://s3.aws.amazon.com/vk/VoO\'Keefe.jpeg',8321,'{\"owner\": \"Kristy Connelly\"}',3,'1991-08-08 08:35:02','2020-09-10 18:35:30'),(66,22,'https://s3.aws.amazon.com/vk/BlOberbrunner.avi',25358,'{\"owner\": \"Aurelie Hegmann\"}',2,'2005-06-12 18:51:07','2020-09-10 18:35:30'),(67,30,'https://s3.aws.amazon.com/vk/SiHaag.png',6988,'{\"owner\": \"Catherine Bartell\"}',1,'1999-08-10 03:49:40','2020-09-10 18:35:30'),(68,82,'https://s3.aws.amazon.com/vk/AuHerman.mpeg',29952,'{\"owner\": \"Zoe Schultz\"}',1,'1983-08-14 10:06:01','2020-09-10 18:35:30'),(69,22,'https://s3.aws.amazon.com/vk/AuHills.jpeg',19974,'{\"owner\": \"Aurelie Hegmann\"}',2,'2007-12-22 22:13:58','2020-09-10 18:35:30'),(70,63,'https://s3.aws.amazon.com/vk/SuWelch.png',33273,'{\"owner\": \"Norma Sauer\"}',2,'2017-06-03 05:15:16','2020-09-10 18:35:30'),(71,47,'https://s3.aws.amazon.com/vk/AdWelch.avi',31899,'{\"owner\": \"Devante Russel\"}',3,'1994-12-16 11:47:30','2020-09-10 18:35:30'),(72,47,'https://s3.aws.amazon.com/vk/TeWunsch.png',11241,'{\"owner\": \"Devante Russel\"}',2,'2017-07-06 18:56:28','2020-09-10 18:35:30'),(73,93,'https://s3.aws.amazon.com/vk/EtSchuppe.jpeg',6691,'{\"owner\": \"Mafalda Roberts\"}',2,'1980-02-18 08:51:01','2020-09-10 18:35:30'),(74,22,'https://s3.aws.amazon.com/vk/EoQuigley.png',26972,'{\"owner\": \"Aurelie Hegmann\"}',3,'2015-04-22 00:58:56','2020-09-10 18:35:30'),(75,31,'https://s3.aws.amazon.com/vk/UtHarvey.jpeg',33944,'{\"owner\": \"Cleora Hoeger\"}',1,'2005-10-14 04:07:36','2020-09-10 18:35:30'),(76,88,'https://s3.aws.amazon.com/vk/NaCarroll.jpeg',31023,'{\"owner\": \"Antonio Orn\"}',3,'1978-12-17 02:10:53','2020-09-10 18:35:30'),(77,45,'https://s3.aws.amazon.com/vk/AsKassulke.avi',9026,'{\"owner\": \"Shirley Weimann\"}',2,'2011-05-31 23:46:48','2020-09-10 18:35:30'),(78,63,'https://s3.aws.amazon.com/vk/AuWilkinson.png',10909,'{\"owner\": \"Norma Sauer\"}',1,'2011-11-05 20:21:49','2020-09-10 18:35:30'),(79,77,'https://s3.aws.amazon.com/vk/QuAbshire.png',11880,'{\"owner\": \"Bria Haley\"}',1,'2000-07-15 20:45:11','2020-09-10 18:35:30'),(80,96,'https://s3.aws.amazon.com/vk/UnFeil.mpeg',20093,'{\"owner\": \"Vladimir Ryan\"}',2,'2013-06-16 03:41:51','2020-09-10 18:35:30'),(81,50,'https://s3.aws.amazon.com/vk/EtAdams.avi',22678,'{\"owner\": \"Muriel Huels\"}',2,'2006-04-12 04:59:48','2020-09-10 18:35:30'),(82,60,'https://s3.aws.amazon.com/vk/ReHerman.mpeg',33291,'{\"owner\": \"Ahmed Abshire\"}',2,'1983-06-26 13:59:40','2020-09-10 18:35:30'),(83,49,'https://s3.aws.amazon.com/vk/NeQuigley.mpeg',12530,'{\"owner\": \"Mafalda Kuvalis\"}',1,'2015-07-18 02:29:17','2020-09-10 18:35:30'),(84,64,'https://s3.aws.amazon.com/vk/NiStiedemann.avi',32300,'{\"owner\": \"Lia McClure\"}',2,'2014-02-24 16:37:36','2020-09-10 18:35:30'),(85,73,'https://s3.aws.amazon.com/vk/InStreich.avi',11919,'{\"owner\": \"Violet Upton\"}',2,'1988-02-10 15:48:34','2020-09-10 18:35:30'),(86,72,'https://s3.aws.amazon.com/vk/SiMorar.jpeg',33133,'{\"owner\": \"Kristopher Mayer\"}',3,'1993-05-19 00:22:43','2020-09-10 18:35:30'),(87,39,'https://s3.aws.amazon.com/vk/SiFeil.png',11202,'{\"owner\": \"Grace Quigley\"}',1,'1988-05-16 15:33:46','2020-09-10 18:35:30'),(88,80,'https://s3.aws.amazon.com/vk/AcCruickshank.mpeg',36454,'{\"owner\": \"Jamaal Littel\"}',2,'2002-02-03 03:23:04','2020-09-10 18:35:30'),(89,84,'https://s3.aws.amazon.com/vk/NaAbshire.png',25995,'{\"owner\": \"Jermaine Dare\"}',1,'2011-05-10 18:27:07','2020-09-10 18:35:30'),(90,79,'https://s3.aws.amazon.com/vk/NeTorphy.png',21802,'{\"owner\": \"Florian Gislason\"}',3,'1980-01-19 10:05:05','2020-09-10 18:35:30'),(91,42,'https://s3.aws.amazon.com/vk/VeUpton.mpeg',38045,'{\"owner\": \"Gerard O\'Keefe\"}',2,'2003-10-01 22:32:40','2020-09-10 18:35:30'),(92,75,'https://s3.aws.amazon.com/vk/MiPurdy.avi',36379,'{\"owner\": \"Tre Balistreri\"}',2,'1981-10-06 23:50:45','2020-09-10 18:35:30'),(93,45,'https://s3.aws.amazon.com/vk/HaSchmitt.avi',6814,'{\"owner\": \"Shirley Weimann\"}',1,'2003-05-04 22:05:35','2020-09-10 18:35:30'),(94,3,'https://s3.aws.amazon.com/vk/VoJohns.mpeg',35063,'{\"owner\": \"Zula Crona\"}',2,'1977-04-27 04:45:28','2020-09-10 18:35:30'),(95,76,'https://s3.aws.amazon.com/vk/DeHuels.png',9081,'{\"owner\": \"Marianne Witting\"}',1,'1987-11-14 05:50:39','2020-09-10 18:35:30'),(96,72,'https://s3.aws.amazon.com/vk/SiWilkinson.jpeg',646845,'{\"owner\": \"Kristopher Mayer\"}',2,'2014-12-04 10:34:43','2020-09-10 18:35:30'),(97,33,'https://s3.aws.amazon.com/vk/TeOrn.avi',8819,'{\"owner\": \"Germaine DuBuque\"}',1,'1970-01-02 10:27:07','2020-09-10 18:35:30'),(98,46,'https://s3.aws.amazon.com/vk/VoHills.png',22721,'{\"owner\": \"Mitchel Feest\"}',3,'2005-07-01 15:35:06','2020-09-10 18:35:30'),(99,32,'https://s3.aws.amazon.com/vk/AlCruickshank.avi',32553,'{\"owner\": \"Alford Reilly\"}',3,'1986-07-19 13:09:45','2020-09-10 18:35:30'),(100,19,'https://s3.aws.amazon.com/vk/IpKirlin.mpeg',17577,'{\"owner\": \"Jailyn Rosenbaum\"}',1,'1981-07-19 17:22:57','2020-09-10 18:35:30');
/*!40000 ALTER TABLE `media` ENABLE KEYS */;
UNLOCK TABLES;

--
-- Table structure for table `media_types`
--

DROP TABLE IF EXISTS `media_types`;
/*!40101 SET @saved_cs_client     = @@character_set_client */;
/*!50503 SET character_set_client = utf8mb4 */;
CREATE TABLE `media_types` (
  `id` int unsigned NOT NULL AUTO_INCREMENT COMMENT 'Идентификатор строки',
  `name` varchar(255) CHARACTER SET utf8 COLLATE utf8_unicode_ci NOT NULL COMMENT 'Название типа',
  `created_at` datetime DEFAULT CURRENT_TIMESTAMP COMMENT 'Время создания строки',
  `updated_at` datetime DEFAULT CURRENT_TIMESTAMP ON UPDATE CURRENT_TIMESTAMP COMMENT 'Время обновления строки',
  PRIMARY KEY (`id`),
  UNIQUE KEY `name` (`name`)
) ENGINE=InnoDB AUTO_INCREMENT=4 DEFAULT CHARSET=utf8 COLLATE=utf8_unicode_ci COMMENT='Типы медиафайлов';
/*!40101 SET character_set_client = @saved_cs_client */;

--
-- Dumping data for table `media_types`
--

LOCK TABLES `media_types` WRITE;
/*!40000 ALTER TABLE `media_types` DISABLE KEYS */;
INSERT INTO `media_types` VALUES (1,'photo','2020-09-10 18:25:20','2020-09-10 18:25:20'),(2,'video','2020-09-10 18:25:20','2020-09-10 18:25:20'),(3,'audio','2020-09-10 18:25:20','2020-09-10 18:25:20');
/*!40000 ALTER TABLE `media_types` ENABLE KEYS */;
UNLOCK TABLES;

--
-- Table structure for table `messages`
--

DROP TABLE IF EXISTS `messages`;
/*!40101 SET @saved_cs_client     = @@character_set_client */;
/*!50503 SET character_set_client = utf8mb4 */;
CREATE TABLE `messages` (
  `id` int unsigned NOT NULL AUTO_INCREMENT COMMENT 'Идентификатор строки',
  `from_user_id` int unsigned NOT NULL COMMENT 'Ссылка на отправителя сообщения',
  `to_user_id` int unsigned NOT NULL COMMENT 'Ссылка на получателя сообщения',
  `body` text CHARACTER SET utf8 COLLATE utf8_unicode_ci NOT NULL COMMENT 'Текст сообщения',
  `is_important` tinyint(1) DEFAULT NULL COMMENT 'Признак важности',
  `is_delivered` tinyint(1) DEFAULT NULL COMMENT 'Признак доставки',
  `created_at` datetime DEFAULT CURRENT_TIMESTAMP COMMENT 'Время создания строки',
  `updated_at` datetime DEFAULT CURRENT_TIMESTAMP ON UPDATE CURRENT_TIMESTAMP COMMENT 'Время обновления строки',
  PRIMARY KEY (`id`)
) ENGINE=InnoDB AUTO_INCREMENT=201 DEFAULT CHARSET=utf8 COLLATE=utf8_unicode_ci COMMENT='Сообщения';
/*!40101 SET character_set_client = @saved_cs_client */;

--
-- Dumping data for table `messages`
--

LOCK TABLES `messages` WRITE;
/*!40000 ALTER TABLE `messages` DISABLE KEYS */;
INSERT INTO `messages` VALUES (1,38,8,'Porro odio eum ratione. Quo id animi quas voluptas eum odio. Accusamus quia molestias nesciunt aut nemo quod. Ut modi quas ut tempore.',0,1,'1996-04-04 16:46:11','2020-09-10 18:21:43'),(2,25,1,'Est commodi laudantium quia officia eligendi esse velit aperiam. Et est eligendi id exercitationem.',1,1,'1992-05-02 18:01:53','2020-09-10 18:21:43'),(3,30,45,'Unde saepe laudantium iusto sint dolorem culpa sapiente. Hic culpa corrupti quo quam esse. Porro recusandae in quas quaerat quia.',1,1,'2007-10-10 03:53:05','2020-09-10 18:21:43'),(4,37,48,'Tempora nihil rerum ab eius. Minima officia nobis sit aliquid unde placeat modi. Aut consequatur voluptate quam occaecati vero autem dolorem deserunt. Aut aliquam maxime repellendus dolorum molestiae natus.',0,0,'2015-06-10 22:15:34','2020-09-10 18:21:43'),(5,29,100,'Rem libero dolorum ratione. Ipsa ipsa adipisci eos omnis laboriosam quasi dolores. Quidem temporibus perspiciatis omnis adipisci. Amet porro non nisi. Qui ea illum minus.',1,1,'2005-03-15 06:28:37','2020-09-10 18:21:43'),(6,12,61,'Repudiandae quo tenetur autem. Cupiditate quis sint fugiat sit. Molestias ut eius laborum occaecati sed eligendi. Dolorem voluptatum dolor et omnis ut rerum error labore.',1,1,'1986-04-03 11:42:22','2020-09-10 18:21:43'),(7,66,46,'Nihil laudantium dolorem veritatis laboriosam voluptates debitis. Voluptatum nihil voluptates illum doloremque a hic. Consectetur quia ipsum sed odio explicabo maiores ex non. Deleniti aspernatur consequatur nam asperiores sunt vel architecto.',0,0,'2003-02-24 04:00:07','2020-09-10 18:21:43'),(8,35,34,'Nesciunt reprehenderit blanditiis sequi autem fuga. Aut officiis quia non odio sunt enim perferendis. Impedit doloremque praesentium dignissimos molestias numquam. Cum alias blanditiis cupiditate dolorum nulla natus quae.',0,0,'2006-03-29 21:26:58','2020-09-10 18:21:43'),(9,65,21,'Commodi mollitia iure nihil repellat et sunt rem. Nostrum ut a exercitationem distinctio nam corrupti.',0,0,'1999-11-25 07:10:03','2020-09-10 18:21:43'),(10,11,93,'Architecto repellat itaque dolore deleniti molestiae. Doloremque totam minima non atque odit. Dolorum eum molestiae enim architecto laborum eos repellat.',1,0,'1984-07-06 02:40:32','2020-09-10 18:21:43'),(11,30,70,'Nulla ex blanditiis deserunt sed sit accusamus. Qui sequi et repellat ratione et praesentium esse aut. Quos distinctio qui eos praesentium autem. Ipsam sapiente totam blanditiis eos voluptatem tenetur.',0,0,'2009-06-10 00:12:12','2020-09-10 18:21:43'),(12,62,96,'Est voluptate aut tenetur perferendis cumque omnis quaerat. Quibusdam aspernatur repudiandae sunt corporis. Quae sunt voluptatibus et impedit. Dolorem occaecati eum culpa ea est quia.',0,0,'2003-06-21 02:53:21','2020-09-10 18:21:43'),(13,95,87,'Quibusdam reprehenderit rerum quas enim hic. Ab consequatur reprehenderit at. Et dolor corrupti consequatur molestiae deleniti.',1,0,'2002-10-05 14:26:58','2020-09-10 18:21:43'),(14,50,87,'Vel non architecto qui hic. Pariatur tempore maiores aut cum laudantium sapiente. Quo sit fuga laudantium nihil necessitatibus. Repudiandae eveniet ipsum qui dignissimos rerum incidunt.',1,1,'2015-08-23 11:55:28','2020-09-10 18:21:43'),(15,87,70,'Ut error repudiandae voluptatum incidunt voluptatem sint atque id. Molestiae voluptatem eos occaecati ea.',1,1,'2006-05-20 02:41:02','2020-09-10 18:21:43'),(16,92,48,'Laudantium vero et quidem culpa occaecati. Odit sequi ut quam ut cupiditate.',1,1,'2011-02-17 13:32:00','2020-09-10 18:21:43'),(17,63,70,'Dolores officia et quod odit tenetur quo consequatur. Inventore id laboriosam consequuntur totam. Ipsum ipsam voluptate recusandae officia perferendis quas et. Minima dolor qui culpa veritatis et.',1,1,'1977-03-29 16:00:28','2020-09-10 18:21:43'),(18,61,93,'Ducimus nihil eos architecto aspernatur quae. Distinctio velit illum quidem a cum nulla tempora eaque. Voluptas molestiae impedit expedita asperiores quis pariatur.',1,1,'1973-11-05 12:53:27','2020-09-10 18:21:43'),(19,82,29,'Id facilis eius neque nulla amet quo rem. Magnam voluptatem fugiat facilis et est.',0,1,'2002-11-12 04:43:38','2020-09-10 18:21:43'),(20,100,14,'Ut explicabo ratione at. Cum sit dignissimos et voluptas praesentium dolor. Odit rerum architecto ipsum minus nulla natus ut.',0,1,'2005-11-06 03:12:40','2020-09-10 18:21:43'),(21,66,90,'Deserunt ipsam quaerat accusamus quia. Voluptas reprehenderit voluptatem voluptatum nesciunt quisquam. Alias omnis aut nostrum ea.',1,0,'1988-08-29 01:42:01','2020-09-10 18:21:43'),(22,52,88,'Vel in consequatur et. Veniam ut qui ipsa architecto autem sunt. Occaecati quas odit nostrum eveniet vel inventore praesentium. Maxime adipisci dolor debitis laboriosam.',1,1,'1972-09-04 03:21:52','2020-09-10 18:21:43'),(23,82,48,'Impedit pariatur ea debitis et quia voluptas et aperiam. Dignissimos quidem et atque necessitatibus sit qui. Rerum molestiae qui rerum id. Labore qui velit cumque saepe maiores ut facilis. Et voluptas totam architecto quis non sapiente.',1,0,'1990-11-01 00:59:31','2020-09-10 18:21:43'),(24,93,21,'Est deleniti minima ad ab nulla et qui. Repellat dolores facere veritatis. Non facilis aspernatur dolorum deserunt temporibus consectetur.',1,1,'1971-10-25 19:55:22','2020-09-10 18:21:43'),(25,25,61,'Saepe voluptate voluptatem non itaque quas. Quidem et voluptas quos. Corrupti suscipit expedita dolore quidem sunt.',0,0,'1973-07-05 18:17:27','2020-09-10 18:21:43'),(26,28,57,'Quasi exercitationem fugiat quaerat dicta. Quasi ea ipsa exercitationem ut magnam est. Consectetur rerum vero quis sit modi necessitatibus.',1,1,'1975-05-26 16:42:54','2020-09-10 18:21:43'),(27,100,30,'Explicabo ab quos voluptas at. Laborum repudiandae exercitationem et enim omnis magni. Autem aliquam praesentium doloribus.',1,1,'1981-08-21 23:41:37','2020-09-10 18:21:43'),(28,47,48,'Eum voluptate ad minus quod. Itaque incidunt placeat eligendi. Atque molestiae a aspernatur est aut enim corporis non.',1,1,'2006-11-04 02:52:48','2020-09-10 18:21:43'),(29,97,41,'Ut ipsum non amet perspiciatis. Nemo fugiat vel ipsa qui iure. Totam facere ut nostrum nihil.',0,0,'2019-10-26 10:07:00','2020-09-10 18:21:43'),(30,12,36,'In sint sequi qui quod omnis. Voluptatem totam enim illum. Illum sit et dolorem non repellat. Ipsa ut atque non est cumque.',1,0,'1995-10-22 09:28:22','2020-09-10 18:21:43'),(31,43,6,'Aut error ut quo velit aut ex illum error. Quod recusandae quae quis nesciunt. Quis adipisci occaecati corrupti.',1,0,'2009-07-11 10:44:25','2020-09-10 18:21:43'),(32,2,92,'Occaecati alias qui aut ut facilis dignissimos earum praesentium. Est doloribus vero sint enim sit sed sint quis. Et debitis ex et tenetur. Qui minima deserunt id commodi blanditiis. Numquam enim asperiores incidunt deserunt.',1,0,'2019-10-14 14:19:27','2020-09-10 18:21:43'),(33,53,90,'Autem accusantium quibusdam illum nihil voluptatem sit. Voluptas voluptatum quia esse quia ut voluptas veritatis. Error et in rem nihil.',0,0,'1993-04-16 21:54:20','2020-09-10 18:21:43'),(34,89,76,'Aliquam libero ipsum ipsum dolores excepturi aut veritatis. Aut ea qui saepe saepe aspernatur excepturi qui. Inventore rem aspernatur et.',1,0,'1987-05-30 13:46:55','2020-09-10 18:21:43'),(35,10,21,'Porro ut sit eaque voluptatem quis. Doloribus atque saepe error debitis delectus. Saepe provident sit est sed fuga iure.',0,1,'1991-09-17 06:45:04','2020-09-10 18:21:43'),(36,74,7,'Quos voluptatem vitae eum sint. Sint accusantium unde sit possimus fuga architecto quia. Sit iusto nihil inventore nemo rem velit facere nesciunt.',0,1,'2011-04-19 22:08:53','2020-09-10 18:21:43'),(37,14,49,'Omnis laudantium similique accusamus corrupti porro quod. Dolorem consequatur voluptas recusandae consequatur iusto saepe. Dolor et aut et dolorem quo.',1,0,'1974-03-27 21:38:40','2020-09-10 18:21:43'),(38,2,60,'Eos et iusto voluptatem laborum quibusdam. Eius ipsum asperiores saepe et. Consequuntur quaerat ipsum eligendi qui ipsa ut. Est ut corrupti molestiae fugiat laboriosam nostrum placeat voluptatem.',1,0,'1984-03-01 01:32:09','2020-09-10 18:21:43'),(39,96,98,'Et voluptas qui a. Maiores omnis nemo porro qui nulla et. Eos molestiae magni dolor non aspernatur accusantium doloribus ex. Debitis soluta quia nulla consequuntur quia consectetur laboriosam.',1,0,'1987-04-17 04:52:01','2020-09-10 18:21:43'),(40,1,12,'In quia voluptate provident dolores. Laboriosam modi sit illum quaerat et aperiam tempore. Praesentium ut repudiandae sint commodi fugit maxime et. Provident corporis sapiente saepe. Sunt ab provident adipisci esse.',0,0,'2000-06-21 05:12:04','2020-09-10 18:21:43'),(41,54,37,'Asperiores et eaque ea repudiandae. Inventore rerum sed atque minima. Quia harum amet ut doloremque vel maxime. Neque vel beatae ut laudantium labore officiis.',0,1,'1972-02-16 08:31:27','2020-09-10 18:21:43'),(42,19,87,'Cupiditate sunt dolorem ullam dicta qui maxime incidunt corporis. Ratione et nostrum illum neque et pariatur.',0,1,'2004-02-20 22:18:53','2020-09-10 18:21:43'),(43,76,17,'Expedita dolorem molestias dolor officia rerum rerum minima. Alias excepturi quaerat provident dolor. Sint quis et ipsam molestiae et illo libero eum. Non sit dolore vel non doloribus itaque delectus molestiae.',1,0,'2017-04-19 21:18:25','2020-09-10 18:21:43'),(44,56,30,'Voluptate neque voluptatem quam porro. Quia ut dolore tenetur dolor nesciunt est. Est quo dolore fuga ducimus et at dolorum incidunt. Voluptatibus consequatur est quis aliquid.',0,1,'1975-03-17 01:34:03','2020-09-10 18:21:43'),(45,83,23,'Quo neque dolores quasi tempora. Nulla non possimus at error. Laborum velit voluptatum aut veritatis. Nemo voluptatem consectetur natus ipsam odit.',0,0,'2000-10-27 22:22:49','2020-09-10 18:21:43'),(46,68,67,'Et autem et aut eligendi quibusdam at eius. Sed hic neque consequatur totam. Voluptatem quasi totam est cumque ut sit.',1,0,'2000-08-10 15:17:07','2020-09-10 18:21:43'),(47,33,64,'Amet nisi ipsa non adipisci. Et et nam corporis velit delectus sunt. Necessitatibus qui aut illum iste. Vero sed voluptas harum consequatur vitae est optio.',1,0,'2001-04-03 04:08:13','2020-09-10 18:21:43'),(48,21,14,'Animi velit rerum repellat velit exercitationem veniam aut. Rerum quidem qui dolor unde. Voluptate accusamus culpa ratione consequatur et voluptatem. Iusto rerum qui natus ab reiciendis iste repellat.',1,0,'2015-02-18 16:12:48','2020-09-10 18:21:43'),(49,3,75,'Ipsam quasi debitis qui dolores. Et dolorem odit aut non. Quasi molestiae veniam voluptas consectetur.',0,0,'1980-05-13 14:06:26','2020-09-10 18:21:43'),(50,64,96,'Ea facere nostrum inventore ducimus dolorum. Inventore autem ut dolorem expedita dicta molestias. Quam eum quia qui impedit numquam rem sed. Minima voluptate cum velit non facere ullam nobis. Omnis qui est minus et asperiores.',1,0,'1993-10-16 19:00:37','2020-09-10 18:21:43'),(51,87,45,'Dolore dolores non vel officiis molestiae repudiandae debitis. Est aperiam assumenda voluptatem aut nostrum. Rem eos recusandae enim ab et laborum.',0,1,'2019-05-04 07:25:18','2020-09-10 18:21:43'),(52,64,85,'Soluta blanditiis magnam eaque eligendi ipsam ducimus. Veniam omnis quos ut quos ratione. Consequatur aspernatur asperiores voluptas vel qui ullam ipsum vel. Magni porro earum ut.',0,0,'1974-04-13 08:54:54','2020-09-10 18:21:43'),(53,34,15,'Voluptates aut delectus ipsam aliquid at quo. Cum aut autem voluptatem esse aliquam. Ipsum iusto praesentium eos veniam tempora quia est. Id sint hic optio quis ex et earum dolorem. Et distinctio voluptas aliquid perspiciatis.',0,1,'1979-01-12 01:37:58','2020-09-10 18:21:43'),(54,69,2,'Dolores error magnam dolorem aut incidunt. Culpa ex qui qui explicabo pariatur. Magni nesciunt tenetur voluptatem.',1,0,'1983-06-06 00:15:43','2020-09-10 18:21:43'),(55,2,4,'Maiores error quia et mollitia veritatis non laudantium officia. Qui explicabo veritatis autem provident. Eaque doloremque sint qui dolorem earum fuga debitis.',0,1,'1975-11-23 04:53:59','2020-09-10 18:21:43'),(56,15,61,'Debitis alias vel quos alias sunt itaque provident. Sit voluptatem provident ea minima aliquam reprehenderit reprehenderit. Eum eligendi doloremque unde cumque soluta harum vel temporibus.',1,1,'1978-10-11 23:04:00','2020-09-10 18:21:43'),(57,60,14,'Hic atque dignissimos asperiores aut. Reiciendis consequatur pariatur totam qui praesentium consectetur. Delectus vel eum et animi molestiae et. Laudantium quia perspiciatis sed vitae eius.',1,0,'2016-07-15 07:17:09','2020-09-10 18:21:43'),(58,92,16,'Ut animi temporibus quis aspernatur qui corporis. Ipsam est et sequi qui. Quidem aperiam molestias maxime odio sit. Velit atque quibusdam et beatae occaecati.',0,1,'1983-10-09 20:32:30','2020-09-10 18:21:43'),(59,3,66,'Repellat consequatur esse eius aliquam temporibus autem iure. Enim quia qui libero officia. Consequuntur aliquam eum vitae id aut consequatur ab. Aut et maiores maxime quibusdam.',0,1,'2014-09-07 07:40:29','2020-09-10 18:21:43'),(60,20,1,'Ut inventore at eligendi iusto et. Quibusdam nobis voluptate et labore consequuntur qui molestiae. Et qui ipsam id incidunt eum totam praesentium dolorem.',0,1,'2006-01-16 11:34:23','2020-09-10 18:21:43'),(61,44,19,'Dolores qui sapiente omnis quibusdam autem iste nihil ab. Voluptas exercitationem ipsum illo. Delectus sunt aliquid autem non doloribus. Ipsa aut exercitationem ut quia.',0,0,'1975-01-12 12:14:42','2020-09-10 18:21:43'),(62,62,51,'Ea quis earum eligendi rerum eveniet culpa. Quasi dolorem a est vitae hic labore. Sunt rerum commodi occaecati quasi. A iure voluptate porro ut reiciendis expedita aut.',0,0,'2016-06-25 06:02:54','2020-09-10 18:21:43'),(63,71,2,'In quos officia veniam unde animi quo. Consequatur architecto assumenda impedit reprehenderit. Adipisci dolores animi non quos. Vitae nam accusantium voluptatem perferendis repellendus in. Quia velit placeat sed consectetur ducimus.',0,1,'1974-08-21 07:54:04','2020-09-10 18:21:43'),(64,95,70,'Doloribus enim maiores atque qui laboriosam est deserunt. Velit laborum nisi et qui molestias aut voluptatum vitae. Vero a asperiores qui saepe dignissimos laborum nisi. Illo ut consequatur voluptatem officia.',1,1,'1984-05-02 06:32:31','2020-09-10 18:21:43'),(65,65,14,'Dolorum assumenda voluptas suscipit minima. Ex sit quos quas sit consequatur. Magni qui voluptates iste non quod nemo suscipit.',0,1,'1993-07-15 18:55:24','2020-09-10 18:21:43'),(66,73,23,'Sequi dolorem assumenda reprehenderit iste totam. Dolores dolorem eos in eos. Minus facilis molestiae quis rerum odio nulla. Dolores dignissimos aut excepturi consequatur nihil in modi. Velit mollitia quia eveniet ducimus aspernatur non mollitia.',1,0,'1985-11-02 09:57:00','2020-09-10 18:21:43'),(67,97,14,'Saepe amet qui rerum consequatur possimus. Voluptate dolor distinctio maiores nisi sit rerum ut.',0,0,'2013-12-29 03:37:32','2020-09-10 18:21:43'),(68,79,53,'Hic labore vel voluptatem sit expedita sint ea. Tenetur omnis quis et est deserunt minus. Unde sit similique illum. Nemo ipsam culpa dicta fugiat cumque.',1,1,'2008-07-06 02:44:46','2020-09-10 18:21:43'),(69,26,73,'Id quia molestias laudantium. Expedita inventore unde odit iure modi magnam soluta. Assumenda aliquam recusandae laborum veritatis voluptatem inventore. Et id veniam atque quia quia quae et dolore.',0,1,'2008-06-15 08:09:20','2020-09-10 18:21:43'),(70,87,13,'Temporibus aut omnis nam. Cumque est et repellat quaerat laborum. Non neque deserunt accusantium qui corrupti assumenda. Voluptatem cupiditate fugiat corrupti voluptatem explicabo incidunt dolor autem.',1,0,'2016-04-16 05:04:42','2020-09-10 18:21:43'),(71,2,73,'Consequatur illum cumque iusto illum corrupti voluptate quis. Officiis eos ut labore illo quisquam enim atque.',0,0,'1989-11-01 08:05:25','2020-09-10 18:21:43'),(72,60,77,'Velit adipisci qui vel quia error consequatur deleniti. Vel fuga amet numquam rerum autem doloribus error. Facilis a eveniet corrupti. Et quia dolorem dolorem est numquam.',1,1,'1999-06-10 09:45:07','2020-09-10 18:21:43'),(73,8,6,'Quam laboriosam voluptas sint recusandae. Sed maiores voluptates occaecati. Perferendis ut eos ipsa. Eaque deserunt eum quaerat saepe.',0,1,'2006-04-02 19:48:17','2020-09-10 18:21:43'),(74,8,19,'Aut eligendi quas et. Dicta facilis odio quos nihil soluta asperiores. Asperiores sunt nemo eveniet. Ipsum veniam laboriosam mollitia. Dicta quisquam facere hic voluptatem eum.',1,1,'2013-04-08 21:07:12','2020-09-10 18:21:43'),(75,69,91,'Rerum deleniti repudiandae aut id incidunt earum. Commodi animi esse officia cum hic optio dolorem. Unde qui eaque vero dicta rerum. Aut quis qui voluptatibus enim.',1,1,'2004-06-24 18:32:50','2020-09-10 18:21:43'),(76,47,62,'Accusamus consectetur et et delectus. Labore libero ad aut quia voluptatem. Fugiat ut corrupti autem voluptatem. Odio fugiat deserunt at dolores perferendis ad.',0,1,'2014-08-12 00:20:26','2020-09-10 18:21:43'),(77,69,56,'Laborum labore asperiores nihil impedit. Ut illum numquam suscipit similique nam excepturi et. Vero a deleniti incidunt dolor nisi. Quidem delectus repellat qui nobis qui.',0,0,'2019-08-03 19:11:19','2020-09-10 18:21:43'),(78,75,6,'Dolores necessitatibus est adipisci velit sit nulla. Qui sed soluta id rerum et minus dolores. Ab qui illum ipsa beatae consequatur rerum dignissimos dolores. Quis vel dolores est reiciendis.',0,0,'2019-01-06 17:03:59','2020-09-10 18:21:43'),(79,5,7,'Illum expedita et rerum sint. Harum voluptate quas iste voluptate qui non. Voluptate molestias animi qui sunt ad. Ea non quibusdam corporis.',0,0,'2017-08-11 21:48:18','2020-09-10 18:21:43'),(80,17,63,'Aut et unde nihil quisquam. Id occaecati dignissimos earum. Fugiat quisquam id aliquam. Eos quo eveniet ut id.',0,1,'2015-03-14 22:46:23','2020-09-10 18:21:43'),(81,66,39,'Est aliquam quam ut doloribus accusantium. Ut magni itaque aliquam aliquam cumque aut nisi. Molestiae voluptas quo voluptatem nobis quia cum. Omnis ut perspiciatis natus asperiores eius.',1,0,'1984-06-05 13:56:27','2020-09-10 18:21:43'),(82,97,69,'Culpa est nisi fuga quam aspernatur autem ad occaecati. Qui quod ipsum quis minus quasi. Alias reprehenderit corporis illo expedita officiis ea sint.',1,0,'1999-10-13 14:56:44','2020-09-10 18:21:43'),(83,54,60,'Nam tempore eum facilis et. Sint eos autem ab cupiditate. Sunt ut sit molestiae voluptatibus. Ad ratione hic eum quod.',0,0,'1974-01-19 16:31:58','2020-09-10 18:21:43'),(84,40,16,'Qui iusto recusandae aut eum dolores suscipit. Libero necessitatibus qui distinctio eius aut. Quas atque ut aut minima. Id vero quos consequatur quia autem eum consequatur.',1,0,'1972-08-05 18:38:05','2020-09-10 18:21:43'),(85,63,67,'Tenetur distinctio et velit occaecati vel corporis minus. Atque quis ut accusamus totam amet eos placeat.',1,0,'1975-07-19 10:02:29','2020-09-10 18:21:43'),(86,42,11,'Quo tempore id porro aliquam. Minus dolor quidem voluptas. Accusamus molestias deleniti optio ducimus.',1,1,'1983-01-03 16:12:17','2020-09-10 18:21:43'),(87,28,8,'Quo atque eveniet culpa aliquid tenetur dignissimos. Sapiente tempore culpa rerum repellendus voluptate. Non iure molestiae saepe quo sapiente. Unde sit expedita voluptatem blanditiis aperiam libero.',0,0,'2013-05-12 21:25:14','2020-09-10 18:21:43'),(88,55,51,'Est et sequi odio. Natus magni illum voluptatum voluptatem molestiae veritatis reprehenderit. Consequuntur incidunt dolorum cum earum est.',0,0,'1985-04-12 18:04:31','2020-09-10 18:21:43'),(89,87,84,'Iusto sequi doloremque tenetur similique qui molestiae perferendis. Ut doloremque numquam nihil officia iure harum nisi.',0,0,'1982-09-29 20:42:31','2020-09-10 18:21:43'),(90,56,27,'Saepe magni aut occaecati odio sit debitis. Esse nihil explicabo consectetur earum aut odit non libero.',1,0,'2014-03-09 18:34:45','2020-09-10 18:21:43'),(91,67,56,'Et officiis non odit sit officiis. Quo quod est quia in. Architecto dicta non tempore maxime quo quaerat. Est quo maxime expedita corporis mollitia rerum quia.',0,1,'1985-04-13 05:32:47','2020-09-10 18:21:43'),(92,77,18,'Harum ipsa in sequi vero. Quo et hic quis. Doloremque sit quia sit. Dolorem dolorum temporibus vitae voluptates.',1,1,'1976-01-11 04:31:32','2020-09-10 18:21:43'),(93,59,41,'Enim in aut itaque et. Qui vero consequatur dolor atque. Cum sed voluptatem enim amet. Unde labore sequi dolor. Nihil qui rerum fugit.',1,1,'1995-07-19 02:18:34','2020-09-10 18:21:43'),(94,25,4,'Assumenda aut aliquid et sed eum est dicta. Perferendis omnis ipsa eos voluptatibus. Beatae assumenda necessitatibus quod dolores ipsa quia distinctio.',0,1,'2015-08-19 05:05:09','2020-09-10 18:21:43'),(95,42,98,'Qui non soluta eum corrupti. Fugiat sit quis quisquam et consequatur. Aliquam reprehenderit voluptates natus atque dicta ad aut. Eum quis dolores quis quo.',1,0,'2000-02-23 09:20:52','2020-09-10 18:21:43'),(96,62,18,'Aut fugit libero omnis et ea consequatur. Ad tenetur consequuntur a tempora quae libero numquam dolores. Omnis maiores rerum id.',1,1,'2003-10-02 06:52:11','2020-09-10 18:21:43'),(97,5,67,'Est tenetur nisi sit a. Expedita autem enim iste et et aspernatur. Explicabo impedit sit et ea.',0,0,'2011-12-02 16:47:51','2020-09-10 18:21:43'),(98,20,98,'Non cupiditate sit ut sit. Libero rerum eius dolores modi. Esse quidem et officiis id harum.',0,1,'1981-03-23 06:24:20','2020-09-10 18:21:43'),(99,29,52,'Maiores non sit dicta. Nihil qui dolorem saepe porro. Ut cupiditate sunt sed id. Velit voluptas eveniet eos.',1,1,'1992-01-03 11:33:25','2020-09-10 18:21:43'),(100,71,100,'Aspernatur corrupti est voluptatem ipsam. Eaque voluptatem rerum quod occaecati odit esse sed. Voluptatem sapiente voluptatem quisquam beatae voluptatem repellendus quis.',1,1,'1980-09-07 08:33:46','2020-09-10 18:21:43'),(101,86,30,'Quis repellendus sit neque et quaerat voluptas. Similique assumenda voluptatem est dignissimos beatae. Reprehenderit ipsam aut voluptates et qui est quis. Vel vel magni ut quibusdam modi.',0,1,'1992-06-05 19:34:46','2020-09-10 18:21:43'),(102,90,60,'Alias eligendi architecto non est esse nobis. Amet eos nobis est explicabo laborum illo odio. Ut vero similique eos similique.',1,1,'1991-05-21 19:39:50','2020-09-10 18:21:43'),(103,30,68,'Quae est et quas dolorem libero qui qui qui. Cumque dolorum et quibusdam dolorem. Inventore cumque in qui sapiente incidunt quibusdam.',1,0,'1983-01-11 01:28:09','2020-09-10 18:21:43'),(104,50,47,'Quo molestiae minima repellat voluptatum in minima. Quia praesentium distinctio ea ullam fugiat eum itaque. At quaerat repellendus qui blanditiis occaecati asperiores accusamus.',0,1,'2004-07-02 16:52:03','2020-09-10 18:21:43'),(105,85,82,'Repellendus et odio nemo assumenda vitae repellendus. Sit voluptatem corporis enim eveniet.',1,1,'2007-06-01 01:42:49','2020-09-10 18:21:43'),(106,53,22,'Nesciunt ipsa quisquam laborum eos. Quisquam ea dolores illum ipsum voluptates ipsa. Sint et reiciendis autem atque.',0,1,'2004-05-16 11:52:21','2020-09-10 18:21:43'),(107,47,71,'Veniam laborum modi totam quia. Est beatae sit eligendi optio. Qui dolores sint reiciendis voluptates placeat.',0,1,'1990-08-31 11:00:16','2020-09-10 18:21:43'),(108,14,57,'Ut quia natus similique maxime ex est. Sit cumque ea autem at ducimus expedita. Optio quae odio dolorem sunt dolor. Numquam dolor at sed doloribus quasi earum.',0,1,'1996-11-22 13:24:37','2020-09-10 18:21:43'),(109,43,41,'Saepe voluptatem nisi consequatur ut vel. Est et libero fuga qui quae. Ut hic dolores ratione minima neque nam et.',0,1,'1999-07-25 16:22:52','2020-09-10 18:21:43'),(110,78,63,'Quia quis ullam in aut deleniti neque. Saepe distinctio esse suscipit sed natus quis. Qui in dolores quis ullam necessitatibus vitae fugit.',0,1,'1981-02-25 03:21:11','2020-09-10 18:21:43'),(111,84,30,'Ex praesentium beatae facilis laudantium facilis repudiandae non. Hic voluptatem error occaecati veritatis expedita. Ex sed ducimus non molestias. Quos alias ratione in.',1,0,'1984-08-25 02:50:03','2020-09-10 18:21:43'),(112,96,89,'Qui tenetur officia commodi eos ut. Aliquid blanditiis magni qui eius ut. Harum nisi qui ut odio perspiciatis voluptas hic.',1,1,'1980-08-27 20:43:46','2020-09-10 18:21:43'),(113,55,11,'Distinctio aut qui et et placeat velit. Qui quis tempora quae eveniet excepturi perferendis. Dicta dicta qui velit rerum pariatur dolores. Error facere incidunt soluta maxime voluptas error reprehenderit. Illum libero temporibus architecto maxime facilis.',1,1,'1976-01-11 08:40:02','2020-09-10 18:21:43'),(114,87,2,'Suscipit adipisci qui voluptatem porro porro voluptas repellat. Ipsum dolores assumenda autem molestias maxime. Aut aut ipsa sequi ut quasi quo esse perspiciatis.',0,1,'1988-11-19 07:17:13','2020-09-10 18:21:43'),(115,47,31,'Odio ab cumque et iure atque ut. Quia architecto sed sit sint tempora. Eos magnam dolorem aut sit. Beatae ex magni ut qui illo dolores.',1,0,'1976-04-21 07:44:07','2020-09-10 18:21:43'),(116,11,63,'Distinctio et quia ex iusto nihil ea. Adipisci non aut nobis ipsum. Eligendi sit possimus iste est. Et quo et dolor molestiae.',1,0,'1989-01-05 10:24:30','2020-09-10 18:21:43'),(117,82,18,'Vitae ut eos labore repellat impedit quia. Voluptate quos consequatur autem ut rerum vero inventore. Quia inventore sequi iste voluptas fuga fugiat asperiores. Suscipit sed laboriosam ut iste rerum eum.',0,1,'2018-10-02 04:34:52','2020-09-10 18:21:43'),(118,45,70,'Quisquam cupiditate debitis natus excepturi. Quia cum esse quos fugit molestias aliquid in. Aut excepturi minus natus aut. Laudantium itaque ut nam enim iure.',0,0,'1999-03-01 18:34:49','2020-09-10 18:21:43'),(119,16,69,'In est consequuntur et optio quibusdam soluta. Voluptatem molestiae beatae non dolorem mollitia dolores qui. Et consequuntur veritatis libero nam animi ipsam. Natus perferendis repudiandae eveniet vero. Vel iste eaque quam quaerat atque.',1,1,'2006-06-05 02:10:31','2020-09-10 18:21:43'),(120,94,65,'Et debitis iure aut amet est voluptatem ut possimus. Omnis ut error eveniet amet alias. Sunt quos inventore id quis.',1,1,'2009-12-22 22:18:58','2020-09-10 18:21:43'),(121,40,6,'Similique suscipit temporibus praesentium ut rem. Omnis aut totam fugiat necessitatibus veniam sunt voluptatem hic. Et quod debitis harum.',0,1,'2014-02-18 17:30:06','2020-09-10 18:21:43'),(122,7,20,'Atque temporibus facilis numquam quia. Harum quia vel quo eius reiciendis unde tempore. Voluptate eum omnis eaque iste commodi dolores animi ut. Sed et explicabo quo aut dolores et rem. Ea et reprehenderit quibusdam qui libero in dolor.',1,1,'1985-04-26 00:44:08','2020-09-10 18:21:43'),(123,78,29,'A quam qui veniam quasi et occaecati et numquam. Dolore assumenda sit accusantium perspiciatis tempora et.',1,1,'2004-05-23 19:32:15','2020-09-10 18:21:43'),(124,11,69,'Unde excepturi corporis vero veritatis soluta dolores. Molestiae explicabo dolor aut consequatur qui id. Officiis id ullam voluptatem et quia eum pariatur.',0,0,'1970-12-18 06:41:32','2020-09-10 18:21:43'),(125,10,42,'Eius qui numquam et saepe quo. Dignissimos ea ab consequatur aut odit. Esse repellendus excepturi dolor nobis qui.',0,1,'2016-09-24 18:06:36','2020-09-10 18:21:43'),(126,78,65,'Qui aut reprehenderit rerum ipsum tenetur. Ad dolor fugiat qui qui voluptatum nobis nihil. Praesentium reiciendis error autem aut porro vero. Sequi unde nemo ad quia reiciendis voluptas repudiandae.',1,0,'2003-09-12 06:11:30','2020-09-10 18:21:43'),(127,91,59,'Voluptatem ut ut saepe reiciendis enim. Reiciendis consequatur ea et quam. Eveniet laborum rerum in repellat cupiditate. Voluptatem tenetur qui et et. Odio est reprehenderit in impedit iusto distinctio.',1,1,'1971-11-10 20:23:06','2020-09-10 18:21:43'),(128,20,24,'Occaecati minima dolor deserunt adipisci cupiditate voluptas cupiditate. Ut omnis saepe voluptas voluptatem. Doloribus reprehenderit harum asperiores tempore et voluptates voluptates. Recusandae voluptas molestiae id quidem iure.',1,1,'2002-01-04 19:25:43','2020-09-10 18:21:43'),(129,59,22,'Omnis illo delectus nihil qui. Consequatur quisquam adipisci nulla consequatur iusto corporis. Suscipit incidunt atque incidunt beatae est et aut. Harum unde eum neque.',0,0,'2007-01-23 22:36:43','2020-09-10 18:21:43'),(130,32,96,'Et et suscipit beatae nostrum molestiae quo et quos. Quia accusantium illo qui dolor id. Tempora veniam corporis dolor molestiae quae officiis. Dolore dolorem neque pariatur eligendi.',1,0,'1978-03-09 13:30:47','2020-09-10 18:21:43'),(131,81,18,'Doloremque corporis illum veniam aut est quisquam voluptatem. Ut eligendi non ut eligendi natus. Fuga inventore eos et.',1,1,'2007-02-22 16:15:27','2020-09-10 18:21:43'),(132,46,77,'Veritatis sequi quis nemo et aperiam alias ut. Exercitationem placeat eos id molestiae dignissimos odit ad. Et nam eligendi aspernatur magnam labore. Expedita quis vero animi impedit sunt.',0,0,'1982-04-23 04:39:47','2020-09-10 18:21:43'),(133,45,95,'Nam eos aut corrupti error vero. Ea maxime quisquam dignissimos non. Suscipit est id consequatur. Et sequi unde quo quia.',0,0,'2016-06-03 13:24:32','2020-09-10 18:21:43'),(134,37,3,'Possimus aut veritatis quasi et perspiciatis autem in. Velit nemo fugiat fuga quod corporis voluptas. Repudiandae voluptas aut voluptatem placeat quia facilis. Possimus saepe sit voluptates et explicabo consectetur quia. Assumenda voluptatibus delectus praesentium dolor incidunt dicta.',0,1,'2012-01-01 17:49:57','2020-09-10 18:21:43'),(135,1,97,'Eos dolorem ea ab rerum quidem quam. Ea unde eos ea voluptatem quas praesentium deleniti alias. Soluta quaerat ea beatae.',0,1,'2007-04-17 19:13:52','2020-09-10 18:21:43'),(136,79,6,'Est error magni eos assumenda. Natus labore et ut atque quaerat id labore. Natus totam dolor sunt aut. Culpa et itaque et.',1,0,'1984-11-13 19:24:46','2020-09-10 18:21:43'),(137,91,36,'Perferendis iusto pariatur porro quaerat. Rem incidunt magni rem voluptas molestiae qui. Eaque harum nam aspernatur atque atque expedita.',0,1,'2018-07-10 17:24:04','2020-09-10 18:21:43'),(138,6,24,'Qui at ab rerum eos distinctio consectetur autem. Laborum quo perspiciatis repellendus. Ut fugit qui itaque illo quas dolor. Esse delectus eveniet dolor sed odio.',0,1,'1989-04-18 05:24:10','2020-09-10 18:21:43'),(139,1,33,'Impedit placeat soluta numquam reprehenderit. Rerum eius quia quo totam est ullam. Non minus perspiciatis vel quisquam architecto ipsum et et. Temporibus eum et reiciendis ducimus perspiciatis veritatis. Ipsam sit aliquid neque nam ducimus est.',0,0,'1983-12-12 06:03:24','2020-09-10 18:21:43'),(140,61,6,'Iure culpa nobis aut et rerum cum voluptatem voluptatum. Ad aut accusantium ut quis magnam. Dolor repellendus consequatur voluptatum. Molestiae non sit aut mollitia consequuntur eos.',0,1,'1984-05-26 21:03:32','2020-09-10 18:21:43'),(141,48,20,'Perferendis aut sed quaerat aut aut qui ipsum. Repudiandae impedit accusantium quibusdam sunt eos ut. Quibusdam quia ducimus mollitia inventore ut. Numquam distinctio similique asperiores corporis et. Cumque consectetur numquam animi sed qui.',1,0,'2013-11-25 04:13:09','2020-09-10 18:21:43'),(142,57,22,'Veniam deserunt laborum nemo nemo quaerat repellendus. Accusantium animi dignissimos nisi praesentium sed. Fugiat in qui unde maiores inventore accusamus. Nam quo dolor temporibus veniam.',1,0,'2018-04-11 17:49:14','2020-09-10 18:21:43'),(143,41,38,'Enim voluptates omnis explicabo est veritatis vero quo quia. Illo dignissimos voluptas ipsum eos nemo facere rem harum. Deleniti tenetur ducimus consequuntur suscipit et aspernatur. Veritatis ipsa alias quam.',1,0,'1983-10-12 11:49:26','2020-09-10 18:21:43'),(144,68,25,'Et ab laudantium dicta et ut maiores vitae. Suscipit quam aspernatur nihil sed. Omnis autem quis molestiae ad et error.',1,1,'1977-08-07 10:46:00','2020-09-10 18:21:43'),(145,20,25,'Dolor facere facere ullam earum ullam. Omnis eaque suscipit aspernatur error eligendi eum.',1,0,'1970-06-20 01:01:46','2020-09-10 18:21:43'),(146,64,46,'Neque animi aperiam repellendus eum commodi molestiae. Eveniet est deserunt numquam fugiat quidem asperiores. Facilis quod sunt eveniet nihil adipisci laudantium aut.',0,0,'1999-06-01 18:29:04','2020-09-10 18:21:43'),(147,37,48,'Voluptate qui unde quia tempore omnis quo similique. Doloremque laborum consequatur incidunt adipisci deserunt. Tempore molestias fugit numquam sit.',0,0,'2019-03-19 00:44:23','2020-09-10 18:21:43'),(148,28,96,'Numquam iste qui odio dignissimos enim neque autem. Vero similique consequatur accusamus omnis et exercitationem ipsa. Adipisci et atque rerum tempore quae qui debitis. Beatae sunt nihil qui non veritatis est. Id sed est voluptas magni.',0,0,'1971-01-21 04:15:46','2020-09-10 18:21:43'),(149,94,81,'Minima accusantium blanditiis eos et voluptatem voluptate. Natus est modi quis numquam id sint velit.',1,1,'1987-01-02 16:51:27','2020-09-10 18:21:43'),(150,22,67,'Facere explicabo perspiciatis beatae repellendus aut quis deleniti assumenda. At molestiae et officia. Similique dicta voluptatem laborum assumenda molestias.',0,1,'2015-12-28 07:14:09','2020-09-10 18:21:43'),(151,71,50,'Officia nihil enim accusamus sint ipsa est voluptate. Ducimus est ut repudiandae. Et qui distinctio optio assumenda. Commodi ab non modi autem.',0,1,'1991-07-05 11:27:11','2020-09-10 18:21:43'),(152,37,35,'Et quia harum dolore aliquam quos. Impedit non voluptas quaerat odio iste consequuntur amet. Recusandae eos possimus minus officiis. Maiores magni ducimus quia.',1,0,'2009-02-11 10:00:59','2020-09-10 18:21:43'),(153,65,20,'Reiciendis sed nobis voluptate necessitatibus non dolor eum molestias. Vitae ut illum est soluta. Dolorem sint iusto eum et saepe quos. Perspiciatis quis nihil et odit.',1,0,'1996-04-08 00:57:21','2020-09-10 18:21:43'),(154,2,51,'Sint quos ea ut vel voluptatem laborum. Impedit praesentium rerum qui voluptas vel ipsam cumque. Accusamus atque qui hic adipisci. Reprehenderit quia placeat eligendi unde alias.',1,1,'1995-10-31 18:00:38','2020-09-10 18:21:43'),(155,49,92,'Qui et molestiae eveniet excepturi iste. Voluptatibus omnis et odio hic. Iusto doloremque voluptatum voluptatibus fugit minima porro veritatis.',0,0,'2006-07-17 07:54:04','2020-09-10 18:21:43'),(156,14,91,'Repellat tempora cupiditate totam esse molestiae officiis. Rerum autem quae blanditiis aut eius. Delectus dolorem error dignissimos sed earum nisi.',1,1,'2002-06-06 13:28:24','2020-09-10 18:21:43'),(157,12,85,'Dolorum ipsa perferendis consequuntur ut aspernatur odio nulla. Id eos minima in vero veritatis blanditiis. Ea alias doloremque labore autem repellendus molestiae dolorem.',1,1,'2008-10-13 18:51:10','2020-09-10 18:21:43'),(158,92,2,'Vitae voluptatem totam dolores sapiente. Aut voluptas quia sed. Ut molestiae aut sequi. Inventore omnis ea vero.',0,1,'1982-04-07 16:13:58','2020-09-10 18:21:43'),(159,34,65,'Qui quia vero dolorem veniam ipsam reiciendis. Et numquam inventore quaerat nostrum atque voluptatem dolorum. Nemo et laudantium eum amet. Nisi minima modi aut.',0,1,'2016-06-21 11:07:54','2020-09-10 18:21:43'),(160,20,7,'Qui debitis omnis facilis nam. Enim nihil ut et veniam cupiditate corporis nemo. Sed sequi temporibus cupiditate cumque pariatur.',0,0,'1981-10-15 20:38:49','2020-09-10 18:21:43'),(161,73,46,'Saepe quas numquam eos. Aut nobis ratione dolor et ab sapiente. At ut quo praesentium temporibus explicabo. Sequi consequatur enim suscipit temporibus necessitatibus.',1,1,'1991-09-09 01:19:53','2020-09-10 18:21:43'),(162,7,98,'Ea consequatur alias nulla eos. Animi in est ipsum in cum expedita tempore. Itaque dolorum assumenda aut illum. Maxime voluptate ipsam hic.',0,1,'2017-08-17 02:44:06','2020-09-10 18:21:43'),(163,70,53,'Explicabo doloremque natus tenetur voluptas at tenetur et. Molestias itaque rem veniam qui nemo ut voluptatibus. Quasi doloremque odio a. Quis quisquam aut adipisci esse voluptatibus.',1,0,'1995-09-20 04:45:03','2020-09-10 18:21:43'),(164,58,27,'Soluta blanditiis quaerat debitis non est. Amet laboriosam voluptas accusantium qui dignissimos ducimus aperiam. Recusandae expedita eligendi et dolores.',1,0,'1991-04-18 02:26:41','2020-09-10 18:21:43'),(165,61,24,'Quasi qui quo modi harum voluptatem praesentium odio. Voluptatem enim magni explicabo aut et dolores. Qui eum voluptas est aut aut.',1,1,'1980-03-18 11:09:35','2020-09-10 18:21:43'),(166,38,19,'Suscipit minus tempore animi ipsa vero recusandae quod commodi. Veritatis possimus ex amet quia animi iure. Cupiditate odit et quis soluta sed earum. Quia omnis nostrum voluptatum.',1,1,'1999-06-17 11:07:00','2020-09-10 18:21:43'),(167,77,28,'Illum numquam sequi modi voluptatem. Est tempore laborum aut et cumque. Temporibus sint nihil ab excepturi. Voluptas dolores consequatur atque quo et et aut.',0,1,'2006-06-03 02:51:52','2020-09-10 18:21:43'),(168,11,68,'Sit similique ipsam doloribus harum voluptate eos. Perspiciatis rem et nihil ut iure. Quasi qui voluptatibus voluptas unde cumque modi expedita. Sit dolorum rem natus nam eligendi incidunt officiis.',1,0,'2006-05-12 02:55:00','2020-09-10 18:21:43'),(169,6,28,'Iusto quidem quia autem ullam aliquam. Consequatur ipsum non eius blanditiis. Dolores et error cumque aspernatur quia minima voluptas. Facilis dolorem veniam consequatur et voluptas voluptas nulla.',1,0,'2006-10-23 17:22:44','2020-09-10 18:21:43'),(170,19,12,'Doloremque culpa rerum accusantium ea sunt consequatur. In dolorem eveniet ipsum ratione quam eum est repellat. Aut laudantium et aliquid non odio et fuga. Dolorem deleniti expedita rerum qui ut commodi voluptatem.',0,1,'1970-07-28 22:45:35','2020-09-10 18:21:43'),(171,3,78,'Quaerat eius deserunt et sint possimus nesciunt eligendi assumenda. Fugiat aut hic laudantium rerum.',1,1,'2019-07-28 07:28:17','2020-09-10 18:21:43'),(172,81,70,'Ipsum ipsum doloremque ipsam cumque adipisci. Nisi at et non accusamus. Incidunt perferendis est beatae nemo.',1,0,'2017-12-10 22:54:25','2020-09-10 18:21:43'),(173,5,17,'Iure eum rerum in sed sit nisi et. Quis consequatur eligendi laboriosam sed rerum itaque reiciendis. Temporibus et non quibusdam.',0,0,'1999-04-04 03:49:59','2020-09-10 18:21:43'),(174,69,91,'Incidunt autem eum rerum praesentium est possimus ratione. Ut sunt et eaque sapiente assumenda. Blanditiis reprehenderit sit culpa atque quos totam quis. Accusantium similique quis omnis voluptas saepe.',1,1,'1976-03-23 11:17:50','2020-09-10 18:21:43'),(175,49,73,'Tempora similique odit omnis inventore. Quidem corrupti et est placeat at ab facilis commodi. Itaque mollitia cum cupiditate doloribus et. Deserunt facere similique placeat atque perspiciatis eligendi aut.',1,1,'2002-11-10 19:19:01','2020-09-10 18:21:43'),(176,18,70,'In molestiae optio dicta hic. Autem atque ut nobis dignissimos delectus quibusdam. Deserunt rerum eveniet et et ut consequatur autem.',1,0,'2006-08-08 03:09:51','2020-09-10 18:21:43'),(177,97,73,'Tempore qui voluptas et quis nam et. Consequuntur quis omnis sapiente sit necessitatibus quaerat esse. Modi nulla doloremque enim aliquam. Doloribus culpa accusantium dolores doloribus dolorum natus.',1,1,'1992-10-27 05:14:16','2020-09-10 18:21:43'),(178,72,40,'Tenetur earum quia consequatur repellat. Laborum quas voluptas fugiat ab. Dolor eaque quos sed voluptatem hic aut. Qui unde autem nesciunt iure ea.',1,0,'2007-12-02 12:10:31','2020-09-10 18:21:43'),(179,83,95,'Rem molestiae aliquid aut facilis aspernatur est repellendus. Earum eos distinctio accusamus in sit et perspiciatis. Esse sunt et fugit harum molestiae eius illum.',1,0,'1971-06-25 08:55:34','2020-09-10 18:21:43'),(180,24,38,'Iste ipsum sed voluptatum quae et excepturi. Pariatur nulla quisquam aut. Minus perspiciatis aliquam consequatur maiores.',0,1,'1971-05-15 10:21:57','2020-09-10 18:21:43'),(181,15,59,'Itaque excepturi rerum fuga inventore et. Nisi ut porro culpa corrupti labore. Numquam dolor sit excepturi ea tenetur voluptatem. Enim sed excepturi at a hic corporis officia occaecati.',1,0,'2020-01-16 15:15:07','2020-09-10 18:21:43'),(182,52,81,'Dolore unde fuga nihil dolor consequuntur. Ea excepturi sint eius vero omnis. Odit voluptatem earum omnis optio nobis voluptatum.',1,1,'1996-04-02 03:10:03','2020-09-10 18:21:43'),(183,49,100,'Magnam ipsum occaecati iure ad optio ea dicta. Enim dolor distinctio necessitatibus sit ipsum nobis sunt modi. Sit cumque possimus labore architecto. Aut saepe dolore cumque officiis rerum rem magnam.',0,0,'1976-09-05 00:48:39','2020-09-10 18:21:43'),(184,52,59,'Expedita praesentium neque nihil pariatur ab enim. Vel itaque quam et placeat dolorem ipsam. Debitis labore qui officiis ad id.',0,1,'2006-01-07 18:37:46','2020-09-10 18:21:43'),(185,38,15,'Tempore numquam inventore voluptas praesentium voluptas molestiae harum. Ut et et vel. Eius ab consequatur a aperiam et qui. Rerum impedit sequi qui unde eius quia.',0,1,'1988-09-24 01:24:15','2020-09-10 18:21:43'),(186,61,59,'Quis eum quae optio doloribus. Consequatur voluptas dolores sit quisquam non. Commodi aut eos fugiat itaque cum.',0,0,'2012-03-28 23:36:28','2020-09-10 18:21:43'),(187,12,83,'Quis minima reprehenderit reprehenderit. Cumque eius ex aut in ullam. Quidem aperiam et sed exercitationem aliquid blanditiis amet. Eius veritatis voluptate aperiam eum vel.',0,1,'1986-06-21 19:17:44','2020-09-10 18:21:43'),(188,79,46,'Impedit maxime blanditiis dolorem. Dolor sit eligendi est distinctio laborum aut error. Saepe quia quia est ullam commodi.',1,0,'2013-08-26 14:19:43','2020-09-10 18:21:43'),(189,92,21,'Et minus modi sunt autem quam. Repellendus recusandae temporibus eum et corrupti fugit. Est fugit nisi non. Optio velit odit maxime omnis est dolores. Ea sit numquam expedita quidem reprehenderit ratione modi vitae.',0,1,'2001-08-31 10:08:10','2020-09-10 18:21:43'),(190,29,81,'Nostrum facere nesciunt consequatur neque repudiandae. Eum nemo sit delectus numquam dicta. Tenetur dignissimos quia mollitia eveniet occaecati vel est.',1,0,'2019-02-28 04:28:49','2020-09-10 18:21:43'),(191,17,41,'Modi autem quam aut est. Reiciendis quia ipsam aliquam exercitationem quam voluptates voluptatem expedita. Aut voluptatem consectetur qui et laudantium consequatur deserunt.',1,1,'2001-09-15 15:23:31','2020-09-10 18:21:43'),(192,56,56,'Non et maxime et quia velit quisquam. Et minus temporibus error laudantium voluptas sapiente porro. Omnis dicta et aliquid repellat atque corrupti distinctio. Ea quod neque ad in repellat repudiandae dolores.',1,0,'1971-12-15 09:53:10','2020-09-10 18:21:43'),(193,10,80,'Nemo quos laboriosam voluptas provident quo porro sunt. Voluptate blanditiis et ut. Aut explicabo ut et quaerat est. Sed quia laudantium in.',1,1,'1993-01-23 05:39:24','2020-09-10 18:21:43'),(194,71,16,'Id quas esse facilis dolorem enim fugiat. Velit voluptas delectus corrupti omnis. Minima est sit eius ut ut. Ea sit natus quia deserunt sit velit illo nisi.',0,1,'1983-08-31 03:04:10','2020-09-10 18:21:43'),(195,65,78,'Id incidunt ipsam sed est officia esse dolor ea. Ut sed sunt vel accusantium pariatur ipsam fugiat. Velit et minima aut. Dicta quia voluptatem quia harum omnis ut.',1,0,'1995-09-05 18:47:05','2020-09-10 18:21:43'),(196,95,38,'Sunt amet commodi ut fugiat a facere. Nemo rerum dolorum nobis molestiae sit quia. Reprehenderit aspernatur aperiam nostrum eligendi minima.',1,1,'1999-01-26 10:41:09','2020-09-10 18:21:43'),(197,6,16,'Libero sunt sed iure neque. In quo necessitatibus in quasi quisquam dicta.',0,1,'2005-06-19 06:46:24','2020-09-10 18:21:43'),(198,60,50,'Ut in cumque doloremque beatae. Rerum voluptatum perferendis assumenda. Ipsum libero beatae expedita molestiae.',1,0,'1971-07-11 22:28:53','2020-09-10 18:21:43'),(199,73,12,'Et ut sapiente voluptatem aut. Est quas fugit rem voluptatum rerum. Laborum inventore illo nesciunt fuga cumque dolore.',0,1,'2017-01-29 01:03:59','2020-09-10 18:21:43'),(200,42,72,'Consequuntur porro repellat corporis voluptas architecto. Expedita quidem voluptatibus dolore voluptatem ut. Et quia cum quo eos nihil tempore delectus.',0,1,'2020-03-02 10:12:00','2020-09-10 18:21:43');
/*!40000 ALTER TABLE `messages` ENABLE KEYS */;
UNLOCK TABLES;

--
-- Table structure for table `profiles`
--

DROP TABLE IF EXISTS `profiles`;
/*!40101 SET @saved_cs_client     = @@character_set_client */;
/*!50503 SET character_set_client = utf8mb4 */;
CREATE TABLE `profiles` (
  `user_id` int unsigned NOT NULL COMMENT 'Ссылка на пользователя',
  `gender` char(1) CHARACTER SET utf8 COLLATE utf8_unicode_ci NOT NULL COMMENT 'Пол',
  `birthday` date DEFAULT NULL COMMENT 'Дата рождения',
  `photo_id` int unsigned DEFAULT NULL COMMENT 'Ссылка на основную фотографию пользователя',
  `user_status_id` int unsigned DEFAULT NULL,
  `city` varchar(130) CHARACTER SET utf8 COLLATE utf8_unicode_ci DEFAULT NULL COMMENT 'Город проживания',
  `country` varchar(130) CHARACTER SET utf8 COLLATE utf8_unicode_ci DEFAULT NULL COMMENT 'Страна проживания',
  `created_at` datetime DEFAULT CURRENT_TIMESTAMP COMMENT 'Время создания строки',
  `updated_at` datetime DEFAULT CURRENT_TIMESTAMP ON UPDATE CURRENT_TIMESTAMP COMMENT 'Время обновления строки',
  PRIMARY KEY (`user_id`)
) ENGINE=InnoDB DEFAULT CHARSET=utf8 COLLATE=utf8_unicode_ci COMMENT='Профили';
/*!40101 SET character_set_client = @saved_cs_client */;

--
-- Dumping data for table `profiles`
--

LOCK TABLES `profiles` WRITE;
/*!40000 ALTER TABLE `profiles` DISABLE KEYS */;
INSERT INTO `profiles` VALUES (1,'m','1985-09-19',64,3,'Jordifurt','Nicaragua','2001-09-03 08:52:50','2020-09-10 18:16:21'),(2,'f','1981-02-03',73,2,'West Luluview','Bouvet Island (Bouvetoya)','1985-10-07 21:41:18','2020-09-10 18:17:51'),(3,'f','2007-05-06',71,3,'North Lon','Malawi','1989-12-09 05:49:47','2020-09-10 18:16:21'),(4,'m','1972-08-23',37,1,'West Marques','Tajikistan','1999-02-17 22:48:55','2020-09-10 18:17:51'),(5,'m','2011-09-04',69,3,'New Julio','Korea','1999-01-04 01:40:45','2020-09-10 18:17:51'),(6,'m','1984-06-08',35,3,'West Sydneeland','Algeria','1975-05-01 11:42:00','2020-09-10 18:17:51'),(7,'f','1971-02-14',67,1,'North Thomasshire','Malawi','2015-04-28 08:57:11','2020-09-10 18:16:21'),(8,'m','2008-09-08',30,3,'West Nathanialshire','Samoa','2003-03-20 09:40:16','2020-09-10 18:16:21'),(9,'f','2014-06-25',47,2,'Jaskolskiland','Andorra','1977-07-05 22:18:46','2020-09-10 18:17:51'),(10,'m','1988-01-18',47,2,'Ashleytown','Croatia','1997-08-03 03:52:26','2020-09-10 18:17:51'),(11,'m','1979-04-16',93,2,'Gleichnerbury','Bangladesh','1994-04-15 00:03:23','2020-09-10 18:16:21'),(12,'m','1986-10-01',23,3,'Danielhaven','Tokelau','2020-02-17 21:02:42','2020-09-10 18:16:21'),(13,'f','1973-07-23',33,2,'East Alexandrea','Bahamas','1984-10-20 18:16:34','2020-09-10 18:17:51'),(14,'m','1978-05-25',99,2,'Jaredville','Nauru','1983-03-06 04:33:03','2020-09-10 18:16:21'),(15,'f','1993-06-03',96,3,'Port Eldoraberg','Samoa','1990-06-17 16:16:08','2020-09-10 18:17:51'),(16,'f','1982-11-16',79,1,'O\'Reillyton','Guadeloupe','1996-03-12 11:36:30','2020-09-10 18:16:21'),(17,'m','2014-09-16',10,1,'Carolinefort','Switzerland','1983-06-01 03:40:23','2020-09-10 18:17:51'),(18,'m','2013-07-15',12,2,'Sammouth','Norfolk Island','2001-04-23 18:01:41','2020-09-10 18:17:51'),(19,'m','1974-03-24',29,2,'Moenside','Cyprus','2019-08-28 12:23:59','2020-09-10 18:16:21'),(20,'m','1984-12-12',7,2,'West Rooseveltville','British Virgin Islands','2015-01-05 23:39:25','2020-09-10 18:17:51'),(21,'m','2014-12-20',48,2,'South Mariano','Moldova','2015-01-04 02:59:03','2020-09-10 18:17:51'),(22,'m','2007-05-17',21,2,'Lake Rashad','Mayotte','1989-12-29 10:12:08','2020-09-10 18:17:51'),(23,'f','1999-09-24',58,1,'New Melynaview','Bahamas','2010-06-19 12:55:45','2020-09-10 18:16:21'),(24,'m','1990-05-25',29,2,'Port Dellaton','Guyana','1992-09-22 03:16:31','2020-09-10 18:16:21'),(25,'m','1995-05-27',70,2,'Stoltenbergtown','British Indian Ocean Territory (Chagos Archipelago)','2006-09-20 09:06:34','2020-09-10 18:16:21'),(26,'m','2020-05-10',61,2,'East Lowellside','Lebanon','2010-05-08 21:11:52','2020-09-10 18:17:51'),(27,'f','1972-03-31',97,1,'Schaeferborough','Algeria','2002-10-19 13:20:51','2020-09-10 18:17:51'),(28,'f','1990-12-18',99,1,'Charlesland','Mexico','1982-10-29 10:20:58','2020-09-10 18:17:51'),(29,'m','1999-11-04',5,1,'South Rogelioburgh','Grenada','2004-01-24 12:41:38','2020-09-10 18:16:21'),(30,'f','2017-07-10',26,2,'VonRuedenton','Samoa','2013-01-02 10:30:22','2020-09-10 18:17:51'),(31,'m','1972-01-27',14,2,'North Eleanora','Thailand','2000-03-03 16:17:27','2020-09-10 18:17:51'),(32,'f','1972-12-17',94,3,'Rashawnbury','Suriname','1979-07-12 22:03:17','2020-09-10 18:17:51'),(33,'f','1998-07-19',25,2,'South Julien','Monaco','1980-06-03 13:57:13','2020-09-10 18:17:51'),(34,'f','1992-02-20',41,2,'East Baby','Japan','1990-02-05 06:21:58','2020-09-10 18:17:51'),(35,'f','1973-02-15',33,3,'Conroyfurt','British Indian Ocean Territory (Chagos Archipelago)','1983-11-06 18:53:31','2020-09-10 18:17:51'),(36,'m','1979-01-25',42,1,'Ernsermouth','Western Sahara','1991-07-27 13:17:03','2020-09-10 18:16:21'),(37,'m','1999-01-31',7,1,'Reingermouth','Colombia','1990-12-06 01:52:00','2020-09-10 18:17:51'),(38,'m','1975-07-05',12,1,'West Annie','Cocos (Keeling) Islands','2010-06-06 01:28:41','2020-09-10 18:16:21'),(39,'f','1991-09-02',35,2,'Terryfurt','Turkmenistan','1986-07-13 20:49:41','2020-09-10 18:16:21'),(40,'f','1993-10-23',41,3,'Florencemouth','Bahrain','2019-10-09 19:41:08','2020-09-10 18:16:21'),(41,'m','1999-04-23',1,2,'New Trevor','Nicaragua','2001-11-18 08:12:27','2020-09-10 18:16:21'),(42,'m','2011-03-07',79,3,'Berniermouth','Vanuatu','1996-03-24 07:27:14','2020-09-10 18:17:51'),(43,'f','1981-07-14',92,3,'North Clayton','Qatar','1979-08-08 10:25:02','2020-09-10 18:17:51'),(44,'f','1998-09-12',24,1,'West Willie','Mauritania','1993-03-16 21:38:20','2020-09-10 18:16:21'),(45,'f','1988-07-13',43,1,'South Yolandaborough','Belize','2016-05-01 18:59:32','2020-09-10 18:16:21'),(46,'m','1979-03-15',44,1,'Rossiefort','Vietnam','1994-11-14 05:52:06','2020-09-10 18:17:51'),(47,'m','1980-05-25',88,1,'North Garnet','Congo','1983-03-11 13:24:52','2020-09-10 18:16:21'),(48,'f','2015-12-19',9,3,'Laviniaborough','Saint Helena','1976-01-09 06:21:27','2020-09-10 18:17:51'),(49,'m','1991-04-24',81,3,'Victoriashire','Finland','1994-07-16 02:36:10','2020-09-10 18:16:21'),(50,'m','1970-08-08',77,1,'Claudiafurt','Kazakhstan','2007-07-22 16:05:21','2020-09-10 18:17:51'),(51,'m','1978-08-03',41,3,'East Manuel','Lithuania','1980-01-16 08:58:21','2020-09-10 18:16:21'),(52,'f','1991-08-27',76,1,'West Tyson','Cyprus','2004-03-10 01:03:02','2020-09-10 18:16:21'),(53,'m','2009-07-25',55,3,'Fabianmouth','United States of America','2005-01-14 22:51:47','2020-09-10 18:16:21'),(54,'f','2010-01-18',44,2,'Oswaldohaven','Latvia','2006-04-21 11:01:47','2020-09-10 18:17:51'),(55,'f','1995-04-10',58,3,'Bertborough','Jamaica','1973-07-09 01:35:32','2020-09-10 18:17:51'),(56,'m','1990-12-25',55,1,'Ferrytown','United Arab Emirates','2001-03-26 23:07:59','2020-09-10 18:16:21'),(57,'f','1992-12-02',2,3,'Port Bulah','Brazil','1994-03-07 11:38:53','2020-09-10 18:17:51'),(58,'f','1976-12-03',45,2,'East Dedrickberg','Iran','2010-09-21 17:31:34','2020-09-10 18:17:51'),(59,'m','1990-11-08',17,2,'North Vida','Kazakhstan','1993-07-09 02:49:12','2020-09-10 18:16:21'),(60,'m','1989-02-06',51,3,'Lake Bernieceside','Bahamas','1993-06-24 12:36:31','2020-09-10 18:16:21'),(61,'f','2019-10-14',4,2,'Hayesburgh','Cuba','2007-10-01 12:15:24','2020-09-10 18:16:21'),(62,'m','1980-03-31',68,2,'Fayport','Cocos (Keeling) Islands','2006-11-26 13:36:04','2020-09-10 18:17:51'),(63,'f','2017-04-26',24,3,'Abigaleland','Guernsey','1977-12-11 18:47:56','2020-09-10 18:17:51'),(64,'m','1991-07-24',16,2,'Mannhaven','Cook Islands','1991-10-25 07:13:18','2020-09-10 18:16:21'),(65,'m','2014-05-14',7,3,'Dooleyport','Honduras','1975-03-12 11:04:22','2020-09-10 18:17:51'),(66,'f','2014-06-07',88,2,'Lake Hertaview','Kenya','2003-10-19 10:46:05','2020-09-10 18:16:21'),(67,'f','1983-01-09',19,3,'Casperside','Fiji','1999-09-19 07:06:02','2020-09-10 18:17:51'),(68,'m','1992-05-04',30,3,'Shayneland','Ukraine','2017-02-27 01:09:17','2020-09-10 18:16:21'),(69,'m','1989-07-23',92,3,'Haaghaven','Czech Republic','2014-01-06 15:29:59','2020-09-10 18:17:51'),(70,'m','1985-01-10',68,1,'North Carleton','Vanuatu','2006-05-23 13:33:04','2020-09-10 18:17:51'),(71,'m','2000-07-31',65,2,'South Corene','Namibia','2015-05-04 14:52:33','2020-09-10 18:16:21'),(72,'m','1993-04-15',22,1,'Danielchester','Iran','1984-07-13 08:12:20','2020-09-10 18:17:51'),(73,'f','1983-11-11',14,3,'Berneiceburgh','Saint Vincent and the Grenadines','1985-10-19 20:36:52','2020-09-10 18:16:21'),(74,'f','2019-12-27',1,3,'Lake Dorotheamouth','Mauritius','1987-05-18 06:20:26','2020-09-10 18:16:21'),(75,'m','2009-09-05',65,2,'Litzystad','Eritrea','1981-08-13 11:41:37','2020-09-10 18:16:21'),(76,'f','2004-10-28',19,1,'Lake Beverly','Serbia','1998-10-26 13:39:28','2020-09-10 18:17:51'),(77,'m','2012-09-07',100,2,'Feestshire','Albania','2003-09-02 18:53:22','2020-09-10 18:16:21'),(78,'m','1974-03-07',41,2,'Marquardtfurt','Comoros','2006-02-16 06:06:30','2020-09-10 18:17:51'),(79,'m','1988-05-07',8,1,'Lubowitzton','Turks and Caicos Islands','1985-10-16 00:43:36','2020-09-10 18:17:51'),(80,'f','1976-07-31',14,2,'Faheyburgh','Lithuania','1998-08-14 06:55:36','2020-09-10 18:16:21'),(81,'m','1992-02-24',46,3,'East Elfriedatown','Mongolia','1985-06-15 10:48:25','2020-09-10 18:17:51'),(82,'f','2004-02-02',87,1,'Lake Brandibury','United Kingdom','1987-06-29 18:30:02','2020-09-10 18:16:21'),(83,'m','1990-11-14',98,2,'North Freedashire','Czech Republic','2014-03-06 00:48:35','2020-09-10 18:16:21'),(84,'m','2019-02-14',28,2,'Greenfelderfort','Malta','1988-08-09 16:30:19','2020-09-10 18:16:21'),(85,'f','1984-07-30',47,1,'South Joanyhaven','Reunion','1977-09-26 16:27:50','2020-09-10 18:16:21'),(86,'f','1997-09-28',47,2,'Beierberg','Dominican Republic','1997-07-12 20:50:51','2020-09-10 18:17:51'),(87,'f','2009-05-28',96,1,'West Greta','Senegal','2018-11-28 04:55:51','2020-09-10 18:16:21'),(88,'f','1972-03-28',38,1,'Aliamouth','Tajikistan','1975-04-11 02:10:50','2020-09-10 18:16:21'),(89,'m','1979-09-13',3,3,'Port Agnes','Bouvet Island (Bouvetoya)','1993-08-17 16:57:39','2020-09-10 18:16:21'),(90,'f','1983-12-15',1,2,'East Chynaville','Malta','1987-05-01 15:05:25','2020-09-10 18:17:51'),(91,'f','1970-09-30',94,3,'New Rickie','Yemen','2015-11-13 08:25:19','2020-09-10 18:17:51'),(92,'m','1990-09-03',67,3,'Seamusland','Heard Island and McDonald Islands','2002-04-29 01:07:10','2020-09-10 18:17:51'),(93,'m','2008-02-13',52,3,'West Lonieside','Romania','1986-02-08 12:12:55','2020-09-10 18:16:21'),(94,'f','2011-06-01',60,3,'South Seamusstad','Bouvet Island (Bouvetoya)','2014-12-15 14:01:34','2020-09-10 18:16:21'),(95,'f','1999-10-08',43,3,'New Bernadetteport','Togo','1985-09-30 03:32:59','2020-09-10 18:16:21'),(96,'f','2012-08-13',36,3,'Kertzmanntown','Botswana','2019-08-30 16:26:08','2020-09-10 18:17:51'),(97,'f','1977-01-18',50,1,'North Sister','Spain','1986-01-16 02:56:51','2020-09-10 18:16:21'),(98,'m','2002-12-19',41,1,'Haleyville','Tokelau','1990-02-10 06:49:04','2020-09-10 18:17:51'),(99,'m','1985-04-02',54,1,'New Declan','Equatorial Guinea','1990-10-15 23:18:47','2020-09-10 18:17:51'),(100,'f','1997-05-08',48,1,'North Virgil','South Georgia and the South Sandwich Islands','1977-04-11 04:19:57','2020-09-10 18:17:51');
/*!40000 ALTER TABLE `profiles` ENABLE KEYS */;
UNLOCK TABLES;

--
-- Table structure for table `user_statuses`
--

DROP TABLE IF EXISTS `user_statuses`;
/*!40101 SET @saved_cs_client     = @@character_set_client */;
/*!50503 SET character_set_client = utf8mb4 */;
CREATE TABLE `user_statuses` (
  `id` int unsigned NOT NULL AUTO_INCREMENT COMMENT 'Идентификатор строки',
  `name` varchar(100) NOT NULL COMMENT 'Название статуса (уникально)',
  `created_at` datetime NOT NULL DEFAULT CURRENT_TIMESTAMP COMMENT 'Время создания строки',
  `updated_at` datetime DEFAULT CURRENT_TIMESTAMP ON UPDATE CURRENT_TIMESTAMP COMMENT 'Время обновления строки',
  PRIMARY KEY (`id`)
) ENGINE=InnoDB AUTO_INCREMENT=4 DEFAULT CHARSET=utf8mb4 COLLATE=utf8mb4_0900_ai_ci COMMENT='Справочник статусов';
/*!40101 SET character_set_client = @saved_cs_client */;

--
-- Dumping data for table `user_statuses`
--

LOCK TABLES `user_statuses` WRITE;
/*!40000 ALTER TABLE `user_statuses` DISABLE KEYS */;
INSERT INTO `user_statuses` VALUES (1,'single','2020-09-10 18:14:13','2020-09-10 18:14:13'),(2,'married','2020-09-10 18:14:13','2020-09-10 18:14:13'),(3,'in_relationship','2020-09-10 18:14:13','2020-09-10 18:14:13');
/*!40000 ALTER TABLE `user_statuses` ENABLE KEYS */;
UNLOCK TABLES;

--
-- Table structure for table `users`
--

DROP TABLE IF EXISTS `users`;
/*!40101 SET @saved_cs_client     = @@character_set_client */;
/*!50503 SET character_set_client = utf8mb4 */;
CREATE TABLE `users` (
  `id` int unsigned NOT NULL AUTO_INCREMENT COMMENT 'Идентификатор строки',
  `first_name` varchar(100) CHARACTER SET utf8 COLLATE utf8_unicode_ci NOT NULL COMMENT 'Имя пользователя',
  `last_name` varchar(100) CHARACTER SET utf8 COLLATE utf8_unicode_ci NOT NULL COMMENT 'Фамилия пользователя',
  `email` varchar(100) CHARACTER SET utf8 COLLATE utf8_unicode_ci NOT NULL COMMENT 'Почта',
  `phone` varchar(100) CHARACTER SET utf8 COLLATE utf8_unicode_ci NOT NULL COMMENT 'Телефон',
  `created_at` datetime DEFAULT CURRENT_TIMESTAMP COMMENT 'Время создания строки',
  `updated_at` datetime DEFAULT CURRENT_TIMESTAMP ON UPDATE CURRENT_TIMESTAMP COMMENT 'Время обновления строки',
  PRIMARY KEY (`id`),
  UNIQUE KEY `email` (`email`),
  UNIQUE KEY `phone` (`phone`)
) ENGINE=InnoDB AUTO_INCREMENT=101 DEFAULT CHARSET=utf8 COLLATE=utf8_unicode_ci COMMENT='Пользователи';
/*!40101 SET character_set_client = @saved_cs_client */;

--
-- Dumping data for table `users`
--

LOCK TABLES `users` WRITE;
/*!40000 ALTER TABLE `users` DISABLE KEYS */;
INSERT INTO `users` VALUES (1,'Ciara','Schmitt','sporer.wilhelm@example.com','285-717-3408x02367','1981-11-17 18:49:47','2004-06-12 13:20:46'),(2,'Shanelle','Gorczany','jackie10@example.net','1-154-957-7821x598','1980-07-05 23:58:25','2020-09-10 18:00:29'),(3,'Zula','Crona','magnus.jerde@example.com','222-975-0876x81848','1983-03-07 13:11:05','2020-09-10 18:00:29'),(4,'Payton','Conroy','nstreich@example.org','017.345.8873x687','2006-03-15 07:56:34','2020-09-10 18:00:29'),(5,'Yoshiko','Smith','ottilie36@example.net','(293)213-1711x52404','1976-12-28 05:01:10','2020-09-10 18:00:29'),(6,'Mauricio','Johns','qbergstrom@example.net','(066)985-4798x2470','1980-12-03 02:14:55','2014-04-21 11:45:48'),(7,'Wellington','Mosciski','ryann.schamberger@example.com','+04(6)1124166200','1998-06-12 12:19:48','2009-04-27 15:14:38'),(8,'Yoshiko','Satterfield','robyn91@example.com','213-391-3360','1971-09-04 18:13:40','1995-08-22 14:09:57'),(9,'Amaya','Hahn','dena43@example.org','635.778.8960','2013-12-27 21:52:29','2020-09-10 18:00:29'),(10,'Gunnar','Sawayn','sipes.presley@example.org','1-080-535-4483x2603','1970-02-05 23:52:35','2013-09-16 05:04:39'),(11,'Kolby','Swift','qcasper@example.org','1-576-530-9587x590','1971-08-25 21:07:36','1992-07-15 03:24:29'),(12,'Penelope','Haley','zlarkin@example.org','937-699-9815','1991-10-24 01:49:00','2020-09-10 18:00:29'),(13,'Edwin','Hills','zdach@example.net','06086082882','1992-08-31 18:57:02','1995-03-14 05:17:13'),(14,'Kurtis','Feil','green.abigail@example.com','1-364-743-7544x260','1981-06-18 13:11:33','1991-04-13 05:47:16'),(15,'Marion','Jacobs','margarett.mann@example.com','937-112-9029','1982-12-31 17:45:49','2002-10-30 19:45:34'),(16,'Linda','Tremblay','meda.barrows@example.net','609-237-6297','2006-08-26 02:46:59','2014-09-27 08:36:29'),(17,'Shanon','Stiedemann','umoore@example.com','1-969-841-5207x991','2013-02-13 15:06:45','2020-09-10 18:00:29'),(18,'Lewis','Gleichner','kirlin.natalie@example.org','323.891.4087','1995-10-01 19:47:14','1998-11-16 01:50:15'),(19,'Jailyn','Rosenbaum','gluettgen@example.org','631-084-7978x89118','2006-10-23 01:26:35','2012-09-16 07:34:04'),(20,'Jade','Kirlin','lortiz@example.org','1-521-710-4385','2006-12-19 08:52:26','2020-09-10 18:00:29'),(21,'Carrie','Welch','gunner.volkman@example.org','(089)933-4174','1980-01-15 03:27:49','1991-03-22 20:49:06'),(22,'Aurelie','Hegmann','gage.considine@example.com','(631)951-0233x87639','2002-10-08 21:03:57','2020-09-10 18:00:29'),(23,'Kennith','Oberbrunner','clemmie29@example.com','(895)897-7054','2010-11-08 13:08:55','2020-09-10 18:00:29'),(24,'Cesar','Larkin','rmetz@example.net','199-009-9795','1970-02-28 05:21:30','2013-06-06 12:08:25'),(25,'Willa','Cummerata','jarret.trantow@example.net','943-791-9081x15921','2012-01-01 03:11:41','2020-09-10 18:00:29'),(26,'Kristy','Connelly','linnie87@example.org','(988)454-8635','2003-03-26 09:49:13','2003-08-13 16:10:19'),(27,'Breanne','Green','rosalee75@example.com','(112)709-9257','1989-01-12 05:30:12','2004-09-16 02:57:27'),(28,'Clara','Adams','jgorczany@example.org','706-331-4568','1971-06-28 17:57:02','2018-10-05 09:51:16'),(29,'Modesto','Emard','colleen52@example.org','921.720.7504x304','1994-12-03 05:19:58','2020-09-10 18:00:29'),(30,'Catherine','Bartell','liliane.greenfelder@example.net','01334011038','1996-01-14 08:39:57','2015-08-21 23:51:23'),(31,'Cleora','Hoeger','pete68@example.com','633-045-3861x6275','2013-09-06 13:10:08','2020-09-10 18:00:29'),(32,'Alford','Reilly','ihoppe@example.org','1-300-643-1238x78367','1980-01-23 19:29:29','2001-05-04 09:44:45'),(33,'Germaine','DuBuque','bo99@example.org','008-579-7578x3619','1997-12-04 23:36:40','2018-10-26 21:56:04'),(34,'Fabian','Koepp','maybelle.dickinson@example.com','435-584-1444','2004-08-20 18:15:27','2020-09-10 18:00:29'),(35,'Kody','Satterfield','qschiller@example.net','(381)094-5584','2019-10-31 19:38:34','2020-09-10 18:00:29'),(36,'Sadie','Hayes','lakin.gregory@example.org','1-726-904-2593x5475','1979-04-18 18:37:21','1985-03-01 06:02:43'),(37,'Veda','Baumbach','pollich.marianna@example.net','+92(6)4327314045','1970-12-10 12:26:08','1975-08-09 12:05:47'),(38,'Marcus','Walker','tristian.cummerata@example.com','604.892.0779','1980-05-13 14:29:20','1987-07-28 13:39:14'),(39,'Grace','Quigley','cummerata.nellie@example.net','05033067999','1981-05-30 21:38:08','2015-10-19 02:19:22'),(40,'Chadd','Windler','hiram.carter@example.net','1-746-786-6136x294','1997-04-27 20:27:53','2000-06-15 23:58:37'),(41,'Brigitte','Carroll','thiel.precious@example.com','195-367-1239x55300','1970-04-03 00:22:17','1993-04-13 10:55:49'),(42,'Gerard','O\'Keefe','fschinner@example.com','682-756-1280','1978-05-26 18:00:06','2016-06-19 13:02:03'),(43,'Eleonore','Mann','schulist.kirsten@example.net','921-220-4164x9122','2007-02-24 06:12:06','2020-09-10 18:00:29'),(44,'Fleta','Cruickshank','libbie.gleason@example.org','1-329-889-6033x78116','1970-07-09 00:06:40','1977-05-28 14:45:10'),(45,'Shirley','Weimann','xwindler@example.net','+58(9)6460702444','1999-09-03 20:59:34','2011-06-30 04:11:30'),(46,'Mitchel','Feest','simonis.lenna@example.net','1-351-990-3369x681','1983-04-03 04:18:34','2020-09-10 18:00:29'),(47,'Devante','Russel','o\'keefe.tatyana@example.net','01387722594','1996-11-14 00:55:51','2020-09-10 18:00:29'),(48,'Walter','Nader','mwiza@example.net','08693233273','1985-06-05 10:08:07','2020-09-10 18:00:29'),(49,'Mafalda','Kuvalis','keagan.glover@example.org','1-066-499-8890x912','2002-05-12 00:53:28','2002-08-28 17:20:06'),(50,'Muriel','Huels','zgleason@example.net','03448366983','1979-08-15 10:51:23','2012-06-16 21:30:50'),(51,'Jack','Torphy','randerson@example.net','1-569-781-3585x92443','2003-02-22 04:01:46','2020-09-10 18:00:29'),(52,'Shayna','Leuschke','monahan.xzavier@example.org','1-172-309-7382x735','2018-11-24 03:55:46','2020-09-10 18:00:29'),(53,'Bridgette','Kunze','kariane.smith@example.com','145.504.6551x1711','1973-10-31 20:35:46','2018-08-12 08:30:18'),(54,'Harry','O\'Hara','orland08@example.org','(639)879-3020','2003-12-03 09:09:55','2017-11-06 09:23:58'),(55,'Roel','Wunsch','emosciski@example.net','612-238-9051x111','2015-04-20 08:49:40','2020-09-10 18:00:29'),(56,'Beryl','Haag','florian.koelpin@example.com','+70(6)5843442368','1993-12-06 02:38:02','2020-09-10 18:00:29'),(57,'Jaeden','Kuphal','fhayes@example.net','148.200.8952x43974','1998-09-13 03:17:29','2020-09-10 18:00:29'),(58,'Margaretta','Waelchi','rrobel@example.net','107-688-9260','2009-09-05 02:25:07','2020-09-10 18:00:29'),(59,'Aglae','Sporer','dario99@example.net','1-850-602-9407x0641','1977-12-04 04:44:41','1982-07-13 12:48:53'),(60,'Ahmed','Abshire','schuster.dayna@example.org','03073558938','2019-12-08 03:18:18','2020-09-10 18:00:29'),(61,'Sheila','Lesch','rnicolas@example.org','244.613.4304x624','2019-11-12 09:32:57','2020-09-10 18:00:29'),(62,'Lavern','Weissnat','bill.gislason@example.org','909-320-4351x9302','1983-03-07 12:02:21','2011-06-29 10:07:16'),(63,'Norma','Sauer','christophe12@example.net','(449)232-1663x052','1998-04-06 12:40:58','2007-03-04 00:24:07'),(64,'Lia','McClure','hauck.gabriella@example.com','(811)977-9697x0656','1983-07-09 08:17:19','2020-09-10 18:00:29'),(65,'Norbert','Considine','gideon24@example.net','1-978-627-5584x265','1977-01-09 23:26:55','2017-11-29 18:21:08'),(66,'Layla','Harvey','delmer.jacobi@example.net','02999819378','1995-01-26 14:00:04','2020-09-10 18:00:29'),(67,'Junior','Mante','muller.shaylee@example.net','957.765.0807x806','2000-05-12 08:35:56','2020-09-10 18:00:29'),(68,'Zaria','Weimann','tiana.hahn@example.com','444.091.0291x553','1981-11-23 19:22:27','1999-11-01 22:22:07'),(69,'Emily','Haley','jovan.stoltenberg@example.com','290-439-1738x8199','2009-09-20 20:07:52','2020-09-10 18:00:29'),(70,'Ethel','Harvey','zcasper@example.org','166.432.8572x7807','1981-09-18 09:20:28','2007-11-18 15:16:52'),(71,'Cristian','Schuppe','kihn.newton@example.com','1-182-324-0318x33015','2014-07-30 16:40:36','2020-09-10 18:00:29'),(72,'Kristopher','Mayer','jamel.boehm@example.org','+67(0)2593748121','2016-08-19 00:54:13','2020-09-10 18:00:29'),(73,'Violet','Upton','dusty96@example.com','688-731-7022','1990-05-22 02:34:13','2020-09-10 18:00:29'),(74,'Shanelle','Powlowski','zelda.boyle@example.com','303.038.4127','2006-09-03 03:23:08','2020-09-10 18:00:29'),(75,'Tre','Balistreri','hschumm@example.org','836-824-1905','2001-11-14 23:35:33','2014-03-25 08:50:53'),(76,'Marianne','Witting','gfahey@example.org','+32(3)4778746419','1983-12-29 06:55:23','1985-10-28 08:52:45'),(77,'Bria','Haley','gavin.reichert@example.org','728.223.3394x47736','1993-02-15 22:02:40','2020-09-10 18:00:29'),(78,'Belle','Kassulke','qgleichner@example.org','496.050.9423x411','2004-06-11 10:42:27','2006-02-21 02:49:34'),(79,'Florian','Gislason','eula.kunze@example.org','1-220-868-7392','2012-07-29 13:31:05','2018-10-18 22:03:49'),(80,'Jamaal','Littel','lavern21@example.net','(827)275-5666','1989-10-05 10:12:40','2020-09-10 18:00:29'),(81,'Bridget','Krajcik','ijakubowski@example.org','240-473-4962x96910','1975-07-18 13:50:20','1985-12-25 17:14:08'),(82,'Zoe','Schultz','beier.quinten@example.org','382.578.8024x29654','2015-05-12 19:30:49','2019-12-17 23:58:40'),(83,'Kane','Wilkinson','rupert.gleichner@example.com','856-454-1647','2014-01-10 18:50:41','2015-06-28 20:50:24'),(84,'Jermaine','Dare','wiza.henderson@example.org','1-146-593-4815x79003','1988-05-25 21:19:50','2005-11-10 11:22:50'),(85,'Ida','Mohr','nels67@example.com','(226)343-9163','2003-03-08 14:35:50','2020-09-10 18:00:29'),(86,'Retha','Streich','qpollich@example.org','(974)250-0673x22277','1978-01-27 01:10:09','2015-11-03 07:33:23'),(87,'Markus','Wiegand','wilton66@example.net','(392)013-9656','2019-01-20 17:51:19','2020-09-10 18:00:29'),(88,'Antonio','Orn','terrance24@example.net','1-325-562-6918','1986-06-13 08:46:20','2011-04-11 09:53:08'),(89,'Dee','Ryan','jesse00@example.com','851.034.1311x4954','2017-12-08 14:21:33','2020-09-10 18:00:29'),(90,'Willie','Schmitt','danika.huels@example.org','024.850.0477','2012-11-15 02:22:47','2020-09-10 18:00:29'),(91,'Hulda','Haag','hailie.d\'amore@example.net','(849)321-0789x53287','2003-03-20 21:54:34','2016-06-05 16:52:15'),(92,'Kellen','Feil','jaquelin35@example.org','698.828.9870x3083','1972-09-24 00:54:46','1993-01-06 15:32:38'),(93,'Mafalda','Roberts','jkovacek@example.org','+73(6)3527094930','1989-03-10 17:58:22','2020-09-10 18:00:29'),(94,'Matilde','Cruickshank','alessia72@example.net','1-710-935-1261x594','1970-08-05 11:12:20','2017-09-11 00:38:59'),(95,'Hugh','Herman','timothy.rowe@example.org','(780)311-0702x638','1973-01-15 02:51:56','1975-06-04 23:39:56'),(96,'Vladimir','Ryan','xmiller@example.org','053-204-0676','1989-08-01 21:04:37','2020-09-10 18:00:29'),(97,'Milan','Morar','abshire.hiram@example.org','778-480-8959','2019-04-21 22:02:23','2020-09-10 18:00:29'),(98,'Leopold','Purdy','wdoyle@example.com','1-188-997-0893x28870','1998-06-20 05:58:45','2020-09-10 18:00:29'),(99,'Nathanial','Bins','bette.considine@example.org','1-849-550-3143','2018-10-20 02:18:54','2020-09-10 18:00:29'),(100,'Cassandra','Reichel','manuel50@example.com','(457)324-3810x6624','2006-01-05 15:41:49','2020-09-10 18:00:29');
/*!40000 ALTER TABLE `users` ENABLE KEYS */;
UNLOCK TABLES;
/*!40103 SET TIME_ZONE=@OLD_TIME_ZONE */;

/*!40101 SET SQL_MODE=@OLD_SQL_MODE */;
/*!40014 SET FOREIGN_KEY_CHECKS=@OLD_FOREIGN_KEY_CHECKS */;
/*!40014 SET UNIQUE_CHECKS=@OLD_UNIQUE_CHECKS */;
/*!40101 SET CHARACTER_SET_CLIENT=@OLD_CHARACTER_SET_CLIENT */;
/*!40101 SET CHARACTER_SET_RESULTS=@OLD_CHARACTER_SET_RESULTS */;
/*!40101 SET COLLATION_CONNECTION=@OLD_COLLATION_CONNECTION */;
/*!40111 SET SQL_NOTES=@OLD_SQL_NOTES */;

-- Dump completed on 2020-09-10 18:50:13